distance_km,hour_of_day,is_peak_hour,organ_priority_weight,eta_minutes
1202.258,20,1,0.7,193.7
6.896,10,1,1.0,31.61
1365.112,18,1,0.7,243.0
16.595,21,1,0.9,65.14
8.614,11,1,0.7,35.84
955.33,19,1,1.0,206.11
1530.087,11,1,0.7,257.48
17.292,8,1,0.9,59.5
1753.411,1,0,0.7,287.54
847.479,17,1,1.0,178.68
8.493,10,1,0.3,35.23
1364.881,18,1,0.9,210.69
625.101,4,0,1.0,163.71
18.238,18,1,1.0,68.14
16.891,2,0,0.9,44.82
512.577,10,1,0.3,141.73
20.958,7,0,1.0,44.46
13.261,22,0,0.7,33.88
16.913,0,0,0.3,54.89
29.144,7,0,0.9,72.98
518.462,21,1,0.9,128.0
33.25,21,1,1.0,115.15
1735.218,7,0,0.3,289.96
19.221,10,1,1.0,74.56
131.598,2,0,0.7,122.55
1464.259,17,1,0.9,291.37
937.202,11,1,1.0,170.04
16.641,22,0,0.9,41.17
26.678,5,0,0.3,72.67
1756.982,13,0,1.0,249.13
21.89,4,0,0.7,55.69
2000.758,22,0,0.9,260.58
1130.487,22,0,1.0,219.74
999.614,18,1,0.9,203.2
4.568,11,1,0.7,24.47
24.677,11,1,0.7,93.89
2315.382,15,0,0.7,354.37
7.187,23,0,0.3,33.27
512.652,22,0,1.0,145.44
12.774,5,0,0.7,43.37
8.881,2,0,0.7,34.61
8.767,2,0,0.3,30.98
1562.321,22,0,1.0,281.13
542.252,2,0,0.9,154.31
30.75,10,1,0.9,102.56
246.537,16,0,0.3,90.53
30.173,18,1,1.0,80.47
2078.124,2,0,0.7,356.14
21.073,4,0,1.0,43.43
23.846,12,0,1.0,59.3
499.657,4,0,0.7,150.09
17.062,6,0,0.7,51.66
12.349,9,1,1.0,48.24
8.719,14,0,1.0,23.89
5.038,5,0,0.7,20.71
4.203,19,1,0.7,30.19
5.816,12,0,1.0,20.25
3.646,1,0,0.7,14.12
447.365,3,0,1.0,144.07
12.575,16,0,1.0,37.41
14.695,20,1,0.7,55.44
13.064,7,0,1.0,41.76
16.331,7,0,1.0,46.81
24.143,17,1,0.7,86.8
3.04,18,1,1.0,19.42
26.163,7,0,1.0,53.47
24.592,7,0,0.7,70.85
2.285,14,0,0.7,21.37
482.684,13,0,0.7,150.49
16.355,20,1,0.9,67.14
1642.162,13,0,1.0,222.68
5.198,9,1,0.7,23.47
27.428,20,1,0.7,109.13
1.562,17,1,0.7,16.59
1572.017,2,0,0.7,257.01
16.752,11,1,0.3,68.03
21.184,1,0,0.3,51.45
1995.379,21,1,0.3,284.72
2.749,15,0,0.9,16.13
885.266,6,0,0.7,202.22
28.832,13,0,0.3,59.01
6.709,6,0,0.7,23.94
13.114,9,1,0.9,50.14
19.527,0,0,1.0,46.93
2011.552,7,0,0.7,314.25
22.16,0,0,0.3,58.53
11.118,2,0,0.7,31.32
27.786,5,0,0.3,81.84
1747.37,19,1,0.7,284.56
23.282,20,1,0.7,93.61
1664.921,3,0,1.0,236.19
1346.915,3,0,0.7,217.58
22.829,7,0,1.0,58.5
11.483,18,1,0.7,46.92
21.203,12,0,0.3,60.87
24.059,22,0,0.3,63.89
16.173,17,1,0.7,70.96
24.457,0,0,1.0,58.84
1607.355,17,1,0.7,277.27
2317.734,7,0,1.0,302.59
1377.226,2,0,0.3,250.2
30.998,16,0,0.9,66.81
4.453,18,1,0.9,21.92
19.674,9,1,0.7,69.45
14.969,20,1,0.3,64.91
1.646,9,1,1.0,20.85
20.783,10,1,0.7,83.16
24.813,7,0,0.7,60.59
29.353,10,1,0.3,112.09
29.489,0,0,1.0,73.03
22.211,12,0,0.9,52.5
26.099,1,0,0.7,73.36
1499.005,15,0,0.9,225.7
6.698,17,1,0.9,31.81
23.441,22,0,0.7,59.37
1766.83,17,1,0.9,287.29
8.726,17,1,0.9,38.66
18.808,7,0,1.0,49.52
1897.497,5,0,1.0,300.7
14.023,17,1,1.0,57.36
1508.964,16,0,0.9,279.7
5.754,19,1,1.0,34.16
1882.63,17,1,0.7,313.21
18.005,6,0,0.3,48.07
2.28,19,1,1.0,23.98
20.533,15,0,1.0,48.12
5.935,21,1,1.0,30.37
19.045,2,0,1.0,52.72
12.823,11,1,1.0,50.39
17.747,5,0,0.3,47.71
16.194,3,0,1.0,44.84
31.547,6,0,0.7,71.47
7.865,9,1,0.7,32.06
21.27,8,1,1.0,75.07
13.265,23,0,1.0,37.2
3.266,0,0,0.7,21.12
1243.286,1,0,1.0,225.53
1.985,15,0,0.7,12.52
12.263,21,1,0.7,56.75
3.173,21,1,1.0,18.72
18.642,3,0,0.7,49.54
37.506,1,0,1.0,76.05
937.014,19,1,1.0,211.58
553.907,22,0,0.9,136.27
26.954,7,0,0.7,68.98
26.528,6,0,0.9,59.96
8.391,13,0,1.0,30.65
10.443,23,0,0.3,37.41
28.898,22,0,0.7,72.74
13.996,10,1,1.0,51.36
1584.665,13,0,1.0,255.6
427.671,9,1,0.7,131.71
1630.069,10,1,1.0,255.48
410.176,15,0,0.7,119.62
12.789,11,1,0.9,48.64
26.463,23,0,0.3,67.43
34.059,0,0,1.0,72.59
36.743,0,0,0.3,85.92
886.501,9,1,0.7,165.96
8.799,14,0,0.3,36.25
1377.942,13,0,0.9,208.1
25.84,4,0,0.3,67.09
26.274,4,0,0.3,65.21
28.979,6,0,0.7,73.03
955.648,20,1,0.9,211.39
614.679,3,0,0.9,141.74
16.638,22,0,1.0,35.54
14.568,5,0,1.0,41.56
234.945,21,1,0.7,107.86
1182.567,16,0,0.9,219.96
9.839,17,1,0.9,37.63
732.422,9,1,1.0,165.1
740.407,4,0,1.0,141.21
1033.663,4,0,0.9,207.77
13.926,4,0,1.0,36.26
13.004,1,0,0.3,40.14
1900.444,14,0,0.7,239.87
9.745,23,0,1.0,29.09
1002.659,20,1,0.7,204.65
4.823,15,0,0.3,21.23
4.306,4,0,0.7,22.4
16.865,23,0,0.9,41.4
1989.675,20,1,0.3,316.06
1163.686,4,0,1.0,190.57
958.524,16,0,1.0,198.01
12.739,5,0,1.0,38.79
1352.782,6,0,0.3,275.81
24.96,9,1,0.3,84.11
15.429,1,0,0.7,48.47
1075.869,3,0,0.7,202.99
7.59,12,0,0.3,27.43
24.687,0,0,0.7,74.45
22.574,15,0,0.7,52.36
22.888,4,0,0.9,57.96
243.433,5,0,0.9,130.24
9.362,12,0,0.3,35.81
19.497,12,0,0.9,51.84
1884.977,0,0,0.3,293.31
18.058,3,0,0.7,48.24
27.885,12,0,0.7,68.44
3.434,21,1,0.7,22.93
1545.103,22,0,0.7,270.3
273.244,5,0,1.0,120.76
17.691,13,0,0.7,40.3
18.538,2,0,0.3,53.41
14.801,23,0,0.7,46.23
14.436,12,0,0.3,44.19
27.648,12,0,0.7,60.77
5.321,22,0,1.0,23.81
461.25,17,1,1.0,122.26
15.755,23,0,0.9,40.91
1576.557,13,0,0.7,236.6
4.805,13,0,0.7,20.68
23.131,23,0,0.7,55.66
18.337,15,0,0.7,53.33
16.309,15,0,0.3,42.47
1461.116,3,0,0.3,278.01
11.276,11,1,0.7,36.87
23.097,14,0,0.3,54.99
10.2,3,0,0.7,38.83
233.686,22,0,1.0,134.41
9.779,15,0,0.7,26.35
12.396,17,1,0.3,59.52
25.7,2,0,1.0,63.34
931.844,14,0,0.7,163.94
23.545,12,0,0.9,61.08
1246.304,22,0,1.0,192.43
10.076,13,0,0.7,30.59
21.747,8,1,0.9,72.15
17.149,18,1,0.9,56.51
1937.862,0,0,0.7,365.68
11.867,2,0,0.3,31.33
1977.386,11,1,0.7,297.49
2.953,23,0,1.0,17.86
21.429,6,0,1.0,48.85
0.652,8,1,1.0,13.5
1475.751,8,1,0.9,206.64
4.086,21,1,0.3,27.03
1519.783,8,1,0.9,232.91
8.42,19,1,1.0,32.22
12.731,9,1,1.0,54.64
1745.982,17,1,0.3,337.32
957.054,7,0,1.0,200.91
118.412,23,0,0.9,75.93
5.184,9,1,0.3,28.62
5.954,14,0,0.7,24.72
25.385,23,0,0.3,65.49
11.604,9,1,0.7,41.1
2081.125,12,0,1.0,296.58
21.275,17,1,0.3,90.85
37.47,22,0,0.9,75.35
6.626,14,0,1.0,20.11
21.95,15,0,0.9,58.68
6.571,15,0,0.9,22.04
15.093,9,1,1.0,59.47
1354.405,19,1,0.9,201.65
12.43,18,1,0.3,54.35
1309.337,11,1,0.9,197.07
291.76,2,0,1.0,122.99
14.323,21,1,1.0,52.56
1977.258,11,1,1.0,275.25
3.464,6,0,1.0,21.03
400.131,1,0,1.0,110.61
11.289,17,1,0.9,49.44
17.19,13,0,0.3,54.81
903.55,17,1,1.0,186.38
593.61,12,0,1.0,169.97
4.536,6,0,0.9,20.49
26.649,8,1,0.9,84.13
38.936,6,0,1.0,91.28
32.832,18,1,0.3,132.49
6.158,9,1,0.7,29.36
8.0,7,0,1.0,29.19
13.568,2,0,1.0,43.55
952.197,1,0,0.3,203.41
10.858,16,0,0.7,40.32
15.309,12,0,0.3,45.49
1984.656,18,1,1.0,278.8
959.411,2,0,0.9,188.58
15.858,7,0,1.0,40.97
13.675,22,0,1.0,36.29
1594.171,23,0,0.3,312.56
26.81,5,0,0.7,66.28
16.701,21,1,0.9,53.47
24.005,5,0,0.3,66.51
15.851,1,0,0.3,50.36
19.608,15,0,1.0,47.24
7.89,3,0,0.7,28.13
7.511,7,0,0.7,26.93
9.23,14,0,0.7,33.96
35.601,9,1,0.9,116.86
1748.338,3,0,0.3,248.36
14.129,4,0,1.0,38.29
1096.994,8,1,0.9,230.94
23.031,16,0,0.9,54.96
13.214,2,0,1.0,38.66
602.759,21,1,0.3,159.12
10.449,19,1,0.3,50.19
3.476,11,1,0.7,24.67
3.441,4,0,0.3,25.58
842.844,10,1,0.7,197.14
22.823,14,0,1.0,49.82
6.182,10,1,1.0,36.04
22.942,15,0,1.0,62.14
4.937,6,0,1.0,26.25
1368.186,0,0,0.9,237.95
26.8,21,1,1.0,87.51
354.142,12,0,0.7,137.37
23.692,4,0,0.7,51.76
4.991,1,0,0.7,25.18
6.218,20,1,1.0,25.03
29.226,13,0,0.3,85.61
20.572,16,0,0.7,52.6
24.461,7,0,0.7,67.22
1461.746,15,0,0.7,275.14
9.334,10,1,0.9,40.68
372.082,20,1,0.7,156.9
13.272,13,0,0.7,34.72
27.873,20,1,0.7,90.34
927.512,22,0,0.7,184.09
1394.597,5,0,0.9,238.89
16.783,18,1,1.0,59.61
13.029,1,0,1.0,34.76
1384.69,16,0,0.7,225.14
23.263,2,0,0.7,58.9
7.696,7,0,0.7,22.36
17.419,13,0,0.9,41.56
17.324,17,1,1.0,70.71
8.089,10,1,0.9,39.99
15.435,12,0,0.7,47.15
29.104,5,0,0.7,64.77
9.335,8,1,0.7,43.39
16.781,21,1,0.3,54.01
19.491,3,0,1.0,54.77
926.188,18,1,0.7,160.26
922.737,20,1,1.0,194.88
13.102,15,0,1.0,42.6
1556.262,17,1,1.0,219.03
18.344,14,0,0.3,51.06
16.064,11,1,1.0,66.21
1903.594,2,0,0.9,308.81
1176.712,8,1,0.7,206.54
18.984,3,0,0.9,44.1
24.188,7,0,1.0,58.36
513.182,10,1,0.7,130.33
8.618,11,1,0.7,38.94
15.298,14,0,1.0,37.3
1232.516,2,0,0.3,253.7
14.715,14,0,1.0,44.57
18.339,4,0,0.3,51.95
8.762,1,0,0.3,27.47
1612.276,0,0,0.3,275.08
1623.434,10,1,0.3,279.53
14.364,6,0,1.0,38.7
31.253,21,1,0.7,101.08
23.335,6,0,0.7,54.14
918.002,4,0,0.9,178.2
21.308,22,0,1.0,57.86
32.666,2,0,0.7,81.75
28.624,0,0,0.7,73.72
32.29,4,0,1.0,66.63
10.323,6,0,0.7,29.44
1384.745,22,0,1.0,204.24
14.999,16,0,1.0,41.1
21.601,6,0,1.0,49.64
11.676,5,0,1.0,32.0
20.008,3,0,0.7,50.67
10.617,14,0,0.3,32.27
10.705,6,0,0.7,35.66
11.344,1,0,1.0,30.72
1037.586,23,0,0.7,199.19
11.835,2,0,1.0,31.56
12.599,10,1,0.7,54.15
2006.567,11,1,1.0,296.77
30.247,0,0,0.7,76.58
22.683,7,0,1.0,54.82
1476.667,20,1,1.0,235.14
18.252,19,1,1.0,71.66
158.622,2,0,0.3,98.86
15.259,13,0,0.7,44.36
11.593,7,0,0.7,37.13
13.556,0,0,1.0,36.92
6.227,21,1,0.9,32.63
20.44,21,1,1.0,76.98
33.833,17,1,0.9,113.9
11.547,8,1,1.0,40.88
9.163,3,0,0.9,33.98
1374.056,8,1,0.7,221.27
1069.931,13,0,1.0,191.77
15.266,21,1,0.9,60.04
14.701,18,1,0.7,55.13
1764.746,11,1,0.7,267.71
1185.077,14,0,0.7,228.76
16.252,7,0,0.7,46.75
880.441,16,0,0.7,189.14
1503.73,8,1,0.9,267.95
7.515,0,0,0.9,29.4
1569.178,21,1,0.7,237.63
2304.621,20,1,0.7,320.74
14.917,15,0,0.7,48.41
8.024,3,0,0.9,24.6
24.826,15,0,0.7,58.63
12.745,19,1,0.7,50.12
11.063,13,0,0.3,34.94
16.298,7,0,0.9,48.44
1385.421,23,0,0.9,232.62
25.554,19,1,0.9,90.0
1616.583,10,1,0.3,257.22
3.621,4,0,1.0,20.53
28.294,5,0,1.0,60.75
17.65,13,0,1.0,47.88
9.18,6,0,0.7,30.92
21.494,19,1,1.0,79.63
0.356,20,1,1.0,10.59
22.448,5,0,1.0,51.31
2.339,0,0,0.9,20.25
15.815,13,0,0.3,50.54
20.239,16,0,1.0,55.25
15.402,18,1,1.0,54.05
19.701,5,0,0.7,48.06
744.676,23,0,0.9,183.45
2.94,18,1,0.7,25.42
119.188,22,0,0.7,87.84
505.763,0,0,1.0,149.67
838.528,4,0,0.7,173.52
5.052,9,1,1.0,25.52
592.386,8,1,0.9,167.48
27.168,15,0,1.0,62.78
33.273,12,0,0.7,77.74
16.888,11,1,0.7,62.73
9.772,4,0,0.9,33.52
1912.304,7,0,0.9,277.02
19.34,20,1,0.7,69.83
15.335,18,1,0.9,60.35
8.854,16,0,0.3,33.2
1622.212,22,0,0.9,272.38
14.148,19,1,0.7,61.37
1302.553,3,0,0.9,227.08
18.043,23,0,0.7,49.27
1094.874,19,1,0.3,206.1
17.884,12,0,1.0,43.0
14.065,12,0,0.7,43.39
12.137,19,1,0.7,47.08
20.272,4,0,0.9,52.66
13.038,12,0,0.7,39.1
13.719,19,1,1.0,49.49
25.737,14,0,0.3,67.85
929.32,3,0,0.3,184.39
12.804,3,0,0.9,31.3
14.486,13,0,1.0,34.85
16.712,11,1,1.0,55.12
17.667,13,0,0.9,43.47
12.049,0,0,0.7,37.58
1.752,9,1,1.0,19.18
19.715,22,0,0.7,42.92
28.183,6,0,0.3,75.92
7.284,21,1,0.7,35.24
1358.638,16,0,0.3,252.96
19.508,6,0,1.0,51.79
1975.156,17,1,0.7,273.95
26.508,18,1,0.7,99.58
21.362,1,0,1.0,47.96
20.468,17,1,1.0,63.64
27.029,4,0,1.0,72.03
13.432,21,1,1.0,49.15
892.496,14,0,0.7,202.75
23.465,20,1,0.7,75.99
15.812,15,0,0.7,43.36
28.623,12,0,1.0,61.74
13.868,2,0,0.7,40.18
14.231,12,0,0.9,33.84
11.735,3,0,0.7,32.95
8.319,12,0,1.0,30.44
3.723,18,1,1.0,24.11
512.13,2,0,0.9,146.93
12.326,21,1,1.0,47.19
28.578,14,0,0.7,62.09
4.561,1,0,0.7,16.89
5.702,4,0,0.7,24.46
10.396,9,1,0.7,40.94
9.684,20,1,1.0,44.94
31.341,6,0,0.9,65.28
30.154,20,1,0.3,116.29
13.289,11,1,0.7,56.44
1509.175,19,1,0.3,281.28
11.254,22,0,1.0,36.43
882.651,2,0,0.9,162.52
16.744,7,0,0.9,39.34
15.056,8,1,1.0,59.08
12.984,14,0,0.7,45.42
24.096,4,0,1.0,55.44
27.929,22,0,1.0,66.66
21.625,2,0,0.3,63.91
1571.002,5,0,0.7,300.14
19.318,17,1,0.3,78.04
10.917,9,1,0.7,39.87
13.188,17,1,0.7,54.72
2008.577,12,0,1.0,318.77
10.611,8,1,0.3,56.1
17.199,11,1,0.9,67.64
25.097,1,0,0.3,61.8
10.388,8,1,0.7,39.5
33.445,5,0,1.0,68.94
451.835,3,0,0.3,152.87
17.968,9,1,0.7,71.24
9.007,16,0,0.7,29.25
16.499,23,0,0.3,46.98
20.806,8,1,0.7,77.84
862.27,15,0,1.0,162.64
27.124,0,0,1.0,56.79
22.14,20,1,0.7,73.9
6.948,18,1,0.7,34.97
11.209,7,0,0.7,34.61
607.716,23,0,0.7,159.91
23.7,11,1,0.7,88.35
22.248,16,0,0.3,54.3
8.089,1,0,1.0,28.86
27.373,21,1,0.7,95.08
1747.583,13,0,0.7,305.76
1593.284,22,0,0.3,314.43
248.144,21,1,0.3,100.36
531.64,8,1,0.3,177.06
34.613,7,0,1.0,69.07
10.002,13,0,0.9,33.18
534.97,21,1,0.9,131.75
12.888,20,1,0.9,53.12
6.321,4,0,0.7,30.54
26.164,16,0,1.0,64.63
1063.193,13,0,1.0,206.25
2062.372,23,0,1.0,302.26
35.457,2,0,0.3,101.56
1766.923,0,0,0.9,256.95
868.526,16,0,0.9,163.73
4.586,10,1,1.0,24.85
24.677,14,0,0.9,58.85
6.498,18,1,0.9,35.03
20.251,9,1,0.3,86.15
12.561,10,1,0.7,51.32
25.635,10,1,1.0,66.07
1986.782,7,0,0.7,295.87
17.524,10,1,0.7,68.16
18.278,11,1,1.0,64.96
8.833,23,0,1.0,31.47
31.366,12,0,1.0,62.72
21.901,20,1,1.0,70.82
2.387,4,0,0.7,17.86
10.26,0,0,0.9,30.97
1506.866,18,1,0.3,264.74
26.582,17,1,0.7,89.78
5.674,14,0,1.0,24.78
1724.467,17,1,0.7,283.23
8.429,20,1,0.7,32.55
15.581,10,1,1.0,60.42
12.862,22,0,0.7,39.82
1199.876,2,0,0.3,229.25
21.724,17,1,0.7,74.34
14.531,21,1,1.0,41.13
4.417,8,1,0.7,27.58
24.851,9,1,1.0,91.81
450.562,11,1,0.7,109.23
532.575,4,0,0.3,163.14
591.765,21,1,0.3,135.81
1987.651,8,1,0.7,296.87
21.835,19,1,1.0,83.21
25.263,9,1,1.0,85.32
11.676,4,0,0.3,34.24
927.282,8,1,0.3,196.48
25.7,15,0,0.7,70.95
6.491,5,0,1.0,25.49
13.49,11,1,0.7,62.12
32.743,7,0,1.0,67.76
16.764,3,0,1.0,42.11
6.045,5,0,0.7,22.67
10.191,16,0,0.7,34.99
23.728,3,0,0.3,63.86
7.26,14,0,0.3,28.36
8.881,8,1,0.9,41.73
2067.091,20,1,0.9,253.67
10.633,16,0,0.7,26.11
292.964,8,1,1.0,121.61
1134.8,22,0,0.7,201.21
6.488,18,1,0.3,39.91
25.156,5,0,1.0,54.28
12.23,7,0,0.3,37.66
925.56,15,0,0.9,165.0
33.088,20,1,0.9,96.52
21.946,17,1,0.7,75.76
18.757,10,1,0.7,68.85
30.485,1,0,1.0,66.67
16.759,6,0,0.9,47.8
13.906,4,0,0.3,50.21
25.905,7,0,0.9,60.75
14.618,7,0,0.9,42.31
20.656,0,0,0.3,55.66
1628.412,4,0,0.3,281.64
20.037,16,0,0.7,52.65
14.167,19,1,0.7,54.45
27.555,17,1,1.0,95.57
12.709,22,0,0.3,42.45
14.33,4,0,0.9,40.15
1903.77,7,0,0.9,297.9
1513.354,18,1,0.7,247.65
7.09,23,0,0.3,26.8
21.099,18,1,1.0,69.06
1737.438,3,0,1.0,261.39
23.256,17,1,0.7,89.8
25.01,1,0,0.7,65.74
9.114,18,1,0.3,43.81
29.159,8,1,0.7,111.21
25.625,11,1,0.3,100.92
3.35,16,0,1.0,21.31
19.795,9,1,0.9,70.16
4.014,23,0,1.0,22.54
5.777,9,1,0.7,29.59
16.946,19,1,0.7,66.01
871.937,0,0,1.0,202.33
1536.406,22,0,1.0,269.36
1510.144,3,0,0.7,242.03
17.558,19,1,1.0,62.04
956.279,15,0,0.7,181.12
1766.645,19,1,0.9,236.95
18.639,12,0,0.7,53.72
18.228,8,1,0.7,75.86
22.686,8,1,1.0,85.86
4.161,6,0,0.9,19.18
22.902,2,0,0.9,57.86
1560.496,4,0,1.0,263.5
873.781,11,1,0.3,201.55
859.571,7,0,0.7,197.66
14.427,3,0,0.9,35.16
20.61,4,0,0.9,50.99
27.828,14,0,0.7,61.22
1157.447,0,0,1.0,201.19
444.505,10,1,0.3,146.53
26.22,14,0,0.3,66.14
12.637,6,0,0.3,45.21
11.782,1,0,0.9,31.89
20.969,23,0,1.0,48.46
24.727,14,0,1.0,58.74
20.296,12,0,1.0,50.61
15.003,9,1,0.7,57.01
12.924,4,0,0.9,36.2
1184.664,3,0,1.0,202.68
2.388,13,0,0.3,16.24
20.676,21,1,0.3,82.51
12.869,23,0,0.7,42.48
27.712,12,0,0.7,67.19
406.496,19,1,0.3,155.3
27.438,18,1,0.9,105.35
22.632,16,0,0.3,64.76
28.559,7,0,1.0,67.65
531.47,0,0,0.7,160.89
26.206,1,0,1.0,59.22
1738.186,0,0,1.0,254.87
452.537,11,1,0.7,151.45
22.393,16,0,0.7,61.28
1945.144,11,1,0.3,358.85
121.354,15,0,0.7,119.42
7.603,9,1,0.9,36.11
23.287,12,0,0.7,59.44
18.02,4,0,0.9,47.0
18.013,9,1,0.7,75.18
18.552,13,0,1.0,42.91
18.912,21,1,1.0,64.3
522.41,0,0,0.7,147.17
23.489,13,0,1.0,51.71
17.814,4,0,1.0,48.21
13.505,11,1,0.7,53.61
4.635,6,0,0.3,22.44
12.875,23,0,1.0,39.16
9.553,19,1,0.7,40.86
13.698,15,0,0.7,39.17
11.129,11,1,0.9,51.36
281.5,2,0,1.0,115.72
18.565,15,0,0.9,42.55
0.816,5,0,0.9,14.05
8.615,15,0,0.3,25.22
2.94,8,1,0.7,25.04
26.698,12,0,0.9,58.24
8.537,16,0,0.9,24.29
438.728,2,0,1.0,140.62
453.314,12,0,1.0,132.05
1577.264,20,1,0.7,234.97
1349.314,15,0,0.3,291.56
20.557,2,0,1.0,49.26
622.358,19,1,1.0,164.31
5.683,2,0,1.0,20.79
24.374,17,1,0.7,84.15
22.27,7,0,0.7,62.62
12.769,15,0,0.9,30.35
28.228,0,0,0.7,57.38
873.113,17,1,0.9,161.4
22.893,3,0,0.7,67.95
11.709,11,1,1.0,51.9
879.335,3,0,1.0,165.02
10.253,2,0,1.0,32.39
25.225,7,0,1.0,56.72
5.141,17,1,1.0,28.29
920.311,8,1,0.7,157.52
16.122,20,1,0.7,62.31
1.03,23,0,1.0,17.19
25.66,14,0,0.7,63.0
1033.602,14,0,0.7,178.17
1196.002,7,0,0.7,199.37
18.552,9,1,0.9,67.74
20.952,12,0,0.9,47.33
5.86,3,0,1.0,22.33
16.28,14,0,0.9,49.42
20.935,15,0,0.7,55.41
13.996,7,0,0.9,43.57
13.806,2,0,0.7,42.88
1723.424,1,0,1.0,269.15
26.181,17,1,0.9,87.6
16.471,6,0,0.9,51.15
515.229,23,0,0.7,172.83
7.113,1,0,0.7,32.66
1579.336,20,1,1.0,270.69
22.518,14,0,0.7,49.49
23.728,9,1,0.9,84.44
24.222,23,0,0.3,75.83
15.382,15,0,0.3,49.79
13.313,2,0,0.7,36.93
15.092,12,0,1.0,39.68
174.998,6,0,1.0,100.73
1311.291,18,1,0.3,232.34
22.612,11,1,0.7,70.86
1588.512,4,0,0.7,243.8
15.194,12,0,0.7,41.37
11.69,21,1,0.9,42.82
8.782,14,0,0.9,26.16
14.084,9,1,0.7,68.57
1084.109,8,1,0.7,192.57
6.554,6,0,0.7,27.32
1981.255,20,1,0.7,301.11
33.014,14,0,0.3,92.95
8.835,0,0,0.3,35.97
21.647,0,0,0.7,59.2
17.988,1,0,1.0,46.68
1752.474,22,0,1.0,255.54
17.509,8,1,1.0,70.28
28.99,5,0,1.0,60.24
1997.199,22,0,0.7,300.24
285.427,22,0,1.0,127.69
1979.253,10,1,0.3,314.44
22.163,10,1,0.3,87.77
12.317,6,0,0.7,39.7
448.239,23,0,0.9,121.45
1093.847,7,0,0.7,217.93
8.705,6,0,0.3,29.6
26.18,11,1,0.7,90.11
24.828,23,0,1.0,62.57
26.01,12,0,0.7,64.62
10.178,1,0,0.9,35.07
16.298,17,1,0.7,56.24
22.614,21,1,0.7,81.58
22.101,17,1,0.3,71.4
23.552,17,1,1.0,78.89
25.881,15,0,1.0,61.33
1169.956,19,1,0.9,221.85
22.063,17,1,0.9,71.7
22.781,5,0,0.3,57.24
23.746,1,0,0.7,66.77
1559.024,15,0,1.0,243.92
10.245,13,0,0.7,37.44
27.199,23,0,1.0,59.41
21.674,18,1,0.9,78.56
29.584,18,1,1.0,107.6
17.858,19,1,0.7,75.92
517.199,8,1,0.7,135.56
13.575,7,0,1.0,39.25
20.435,17,1,1.0,71.26
7.308,11,1,0.9,33.56
6.622,21,1,0.3,30.75
4.885,14,0,1.0,18.73
17.477,22,0,0.7,45.73
1175.769,21,1,1.0,186.75
514.059,16,0,0.7,127.64
21.427,11,1,0.9,62.95
25.803,7,0,0.9,57.41
16.966,12,0,0.7,43.22
21.338,5,0,0.3,52.87
16.933,16,0,1.0,44.85
3.906,7,0,0.7,16.86
1087.538,15,0,0.7,230.82
1456.671,17,1,0.7,247.37
11.824,11,1,0.7,48.89
7.565,21,1,0.3,39.58
249.049,22,0,0.9,118.98
5.244,18,1,0.3,36.77
14.476,3,0,0.9,40.93
14.309,13,0,0.3,43.78
1555.158,16,0,0.7,240.16
1907.69,23,0,1.0,266.39
27.201,18,1,0.7,105.8
6.838,20,1,1.0,37.73
1359.717,14,0,1.0,231.41
1974.912,0,0,0.7,342.44
29.858,6,0,1.0,65.77
9.68,2,0,1.0,27.43
365.654,23,0,0.3,113.57
11.371,3,0,1.0,30.71
27.247,12,0,0.3,75.05
16.572,5,0,0.7,53.72
732.056,17,1,0.7,184.67
13.53,7,0,0.3,36.6
8.317,19,1,0.7,33.36
24.755,15,0,0.7,60.22
1912.005,18,1,0.9,288.11
277.964,23,0,0.3,127.91
15.278,6,0,0.7,40.41
751.895,2,0,0.9,169.89
775.894,20,1,0.3,163.17
17.265,10,1,0.9,61.36
8.401,20,1,0.9,33.33
1879.135,7,0,1.0,277.24
16.626,16,0,0.7,46.58
1651.784,21,1,0.3,336.91
21.073,13,0,0.7,55.41
25.106,19,1,1.0,92.86
20.594,5,0,1.0,52.77
18.757,5,0,0.3,57.86
450.816,16,0,0.3,162.16
1352.739,12,0,0.7,240.27
1749.466,18,1,0.7,274.86
33.069,21,1,0.3,124.93
4.432,1,0,1.0,17.58
1562.256,19,1,1.0,266.12
31.02,9,1,0.7,109.2
428.076,12,0,1.0,123.34
23.16,0,0,0.3,65.56
21.553,0,0,1.0,50.2
8.994,13,0,0.9,33.96
22.747,3,0,1.0,53.18
13.347,14,0,1.0,44.57
21.031,9,1,0.7,80.47
883.344,21,1,0.3,176.77
28.463,19,1,0.9,97.56
35.979,10,1,0.7,115.69
30.747,6,0,0.3,73.17
1586.923,5,0,0.7,222.8
26.546,14,0,1.0,67.53
28.268,12,0,1.0,52.72
485.458,23,0,0.7,150.49
4.846,10,1,0.3,34.48
1247.718,1,0,0.9,212.74
6.792,14,0,0.7,22.1
42.328,13,0,0.7,89.64
12.899,9,1,0.9,48.04
1.558,10,1,1.0,15.16
24.889,10,1,0.3,93.74
526.919,7,0,0.7,124.8
11.473,0,0,0.7,37.59
7.105,16,0,0.3,25.05
9.33,13,0,0.7,33.96
2.292,2,0,0.7,16.78
10.528,6,0,0.3,35.05
33.598,1,0,0.7,79.05
1748.454,1,0,1.0,231.98
31.117,21,1,1.0,107.21
41.781,17,1,1.0,130.34
22.949,18,1,0.7,97.54
1365.474,12,0,0.7,246.86
1090.238,12,0,1.0,193.97
2083.789,8,1,1.0,341.54
2002.083,17,1,1.0,327.03
429.761,17,1,1.0,126.52
11.578,8,1,0.7,46.61
22.571,10,1,0.7,81.4
1591.51,18,1,0.3,308.58
6.404,12,0,0.3,23.83
25.528,11,1,0.7,88.61
15.563,8,1,0.7,56.81
12.542,10,1,1.0,54.64
13.608,0,0,0.9,39.33
3.786,8,1,1.0,21.84
22.774,13,0,0.3,59.14
1093.678,2,0,0.3,230.85
1504.896,13,0,0.7,264.21
1578.662,13,0,0.9,238.2
516.944,10,1,0.7,138.45
11.874,6,0,1.0,37.72
26.321,10,1,1.0,85.69
1169.203,7,0,0.9,232.0
18.097,20,1,0.7,78.3
1759.232,6,0,1.0,277.64
32.607,16,0,0.7,75.59
11.683,13,0,0.7,33.86
1464.575,3,0,0.3,284.05
20.147,14,0,1.0,53.31
16.897,22,0,1.0,43.19
14.273,20,1,1.0,51.59
743.503,17,1,0.9,137.63
7.701,16,0,0.9,23.87
260.634,17,1,0.7,94.86
9.967,5,0,0.9,28.2
14.455,8,1,0.9,61.09
21.623,22,0,1.0,57.82
3.606,12,0,1.0,23.3
11.77,9,1,1.0,45.73
14.663,6,0,0.7,41.57
17.534,5,0,1.0,45.92
249.352,6,0,0.3,92.65
22.873,8,1,1.0,76.99
13.79,9,1,1.0,54.58
2.706,0,0,0.9,17.35
1096.741,15,0,0.3,220.55
5.276,20,1,1.0,30.98
379.777,5,0,0.7,135.67
1386.243,16,0,1.0,223.93
22.774,18,1,0.9,80.8
897.883,14,0,0.7,177.36
24.48,21,1,0.9,95.34
373.852,13,0,0.7,145.74
19.362,3,0,1.0,48.58
167.098,3,0,1.0,90.21
1380.453,14,0,1.0,221.37
25.794,3,0,1.0,61.43
4.499,20,1,0.7,26.96
22.178,4,0,0.7,55.81
26.494,22,0,1.0,62.49
11.912,9,1,0.3,51.95
8.722,22,0,0.3,35.84
10.897,10,1,1.0,40.48
16.908,3,0,0.7,41.5
8.136,13,0,0.7,25.08
12.045,9,1,0.7,53.31
13.349,9,1,1.0,54.83
14.27,21,1,0.7,52.07
1593.299,9,1,1.0,279.1
5.906,7,0,1.0,28.67
7.229,7,0,1.0,26.69
27.163,3,0,0.7,62.97
25.822,18,1,0.7,91.26
26.337,21,1,0.3,93.56
34.793,16,0,1.0,85.98
0.703,3,0,1.0,16.72
10.052,4,0,0.7,28.93
471.297,19,1,0.9,136.41
512.317,6,0,0.7,136.27
14.775,9,1,0.3,76.6
4.369,0,0,0.3,21.74
20.45,10,1,0.7,64.62
945.194,7,0,0.9,195.14
11.781,11,1,0.3,53.34
6.458,19,1,0.7,30.71
1447.273,8,1,0.7,225.27
28.797,15,0,0.9,74.44
23.635,0,0,1.0,50.84
16.146,8,1,0.7,56.49
15.377,5,0,0.7,45.94
8.686,11,1,0.9,46.45
8.291,1,0,0.7,26.19
25.439,18,1,0.7,88.38
1365.02,3,0,0.7,254.31
32.066,19,1,1.0,102.89
1044.502,13,0,0.7,183.38
868.11,18,1,1.0,181.85
19.111,14,0,0.7,43.52
1650.135,3,0,1.0,276.39
596.958,0,0,0.9,151.39
26.258,10,1,0.9,98.93
33.763,18,1,0.7,114.99
1161.46,19,1,1.0,209.68
34.27,20,1,0.7,122.71
23.752,6,0,1.0,56.63
1380.274,0,0,1.0,261.39
860.685,3,0,0.7,191.77
31.05,5,0,0.3,75.21
14.508,0,0,0.3,40.07
6.64,5,0,0.7,23.26
513.354,20,1,0.7,135.34
5.252,22,0,0.7,21.43
3.632,0,0,1.0,19.98
1444.994,0,0,0.7,246.95
8.626,1,0,1.0,28.25
23.582,0,0,0.7,58.86
25.422,17,1,0.7,87.13
1352.88,19,1,1.0,214.73
17.171,20,1,0.9,62.87
31.882,5,0,1.0,73.88
13.908,16,0,0.7,46.47
15.577,20,1,0.9,57.07
453.085,1,0,1.0,113.89
1094.717,19,1,0.7,221.13
29.594,18,1,0.7,106.18
27.195,13,0,0.9,68.5
7.048,2,0,0.9,25.37
23.645,9,1,0.7,86.59
8.843,4,0,1.0,31.41
31.152,22,0,0.9,66.78
7.774,11,1,1.0,36.63
16.371,16,0,0.7,47.79
23.254,17,1,0.3,89.74
11.018,3,0,0.7,32.6
1908.254,13,0,0.9,289.33
20.568,9,1,1.0,76.08
1030.188,14,0,1.0,179.86
10.167,7,0,0.9,28.46
26.483,5,0,1.0,69.59
1575.057,13,0,0.7,272.47
9.102,9,1,1.0,43.0
768.625,8,1,1.0,183.96
14.27,16,0,1.0,41.83
28.083,6,0,1.0,63.32
25.047,21,1,0.7,82.95
10.216,11,1,0.7,38.0
1739.79,7,0,1.0,290.2
20.639,19,1,0.7,74.39
513.186,5,0,0.3,131.37
292.573,1,0,0.7,111.7
7.816,12,0,0.7,24.77
2304.725,14,0,0.9,376.08
26.608,8,1,0.7,93.94
26.278,7,0,1.0,62.61
19.524,1,0,1.0,43.19
21.357,15,0,0.7,52.03
1196.858,8,1,0.7,239.8
433.778,17,1,0.7,138.8
10.592,15,0,0.3,31.27
1894.86,2,0,0.3,294.23
16.819,20,1,0.7,64.87
25.837,1,0,1.0,71.13
14.7,9,1,0.7,63.67
33.178,8,1,0.9,111.21
2010.955,6,0,0.3,294.94
10.917,10,1,0.3,42.52
7.511,22,0,1.0,23.64
1358.639,6,0,0.9,232.39
12.084,5,0,0.7,41.41
11.047,21,1,1.0,36.99
5.781,19,1,0.9,29.09
18.637,9,1,1.0,69.12
1372.559,17,1,0.7,215.16
13.027,23,0,0.7,38.08
935.372,8,1,0.9,185.25
1760.135,19,1,0.7,271.08
6.064,22,0,0.9,25.04
21.064,17,1,0.9,86.76
19.119,5,0,0.3,55.55
5.961,9,1,0.7,26.84
1878.764,11,1,0.7,270.81
1080.967,14,0,0.9,196.46
9.214,11,1,0.7,35.1
23.68,22,0,0.9,48.93
844.844,3,0,0.3,199.45
1882.361,21,1,0.3,326.43
16.278,1,0,1.0,38.75
1375.642,23,0,0.9,253.3
21.907,14,0,0.3,58.87
23.601,10,1,1.0,75.07
14.615,17,1,1.0,59.15
8.512,9,1,1.0,44.33
1483.181,4,0,0.3,241.64
1567.212,17,1,0.3,279.48
1560.405,5,0,0.7,250.7
2.73,5,0,0.3,22.33
1086.667,17,1,0.7,218.73
19.776,0,0,0.7,47.02
19.759,13,0,0.7,48.78
26.104,1,0,0.7,59.82
1245.853,7,0,0.7,224.84
18.116,22,0,0.7,51.31
28.422,16,0,1.0,65.13
16.988,17,1,0.7,66.26
20.976,0,0,1.0,56.16
770.606,15,0,0.9,166.07
15.096,3,0,1.0,42.77
8.834,1,0,1.0,23.24
21.198,14,0,0.9,59.08
15.04,12,0,0.7,40.32
0.556,22,0,1.0,14.44
13.664,2,0,0.7,34.41
36.373,14,0,1.0,101.25
13.69,23,0,1.0,34.77
7.618,23,0,0.3,25.25
9.203,3,0,0.3,36.27
922.657,14,0,0.7,187.3
13.869,10,1,0.7,46.23
12.614,14,0,0.7,39.57
33.349,19,1,0.7,99.37
14.331,1,0,0.9,41.0
6.958,3,0,0.3,33.29
14.79,14,0,0.7,41.54
7.388,6,0,0.7,26.85
20.003,3,0,0.9,52.24
10.132,17,1,1.0,41.48
15.567,2,0,0.7,49.52
13.126,10,1,1.0,53.85
19.278,11,1,1.0,67.79
16.097,14,0,0.3,48.8
6.896,15,0,0.7,28.34
4.843,3,0,0.7,18.53
859.163,18,1,1.0,187.72
7.061,23,0,1.0,31.59
23.885,12,0,1.0,54.18
1092.304,8,1,0.7,183.09
3.969,17,1,0.7,28.84
20.22,11,1,0.9,73.47
25.375,22,0,0.7,57.65
6.989,8,1,0.9,31.82
30.925,5,0,0.7,70.14
913.087,10,1,0.7,148.67
30.32,2,0,1.0,63.67
1234.818,4,0,0.9,247.23
24.785,14,0,1.0,55.58
5.464,9,1,0.3,26.81
452.047,0,0,0.3,128.21
11.78,23,0,1.0,35.04
6.869,8,1,1.0,27.94
18.093,17,1,1.0,63.75
24.114,9,1,1.0,81.91
3.686,7,0,1.0,20.6
296.032,20,1,0.7,112.87
31.844,14,0,0.9,83.75
965.651,10,1,0.3,215.69
22.818,13,0,1.0,56.92
1186.529,5,0,0.3,228.45
16.463,11,1,1.0,58.39
3.03,12,0,0.9,14.47
6.127,22,0,0.7,25.42
17.076,19,1,0.7,69.26
22.555,0,0,0.3,61.93
3.825,21,1,0.9,29.27
7.563,0,0,0.7,31.47
948.216,15,0,0.9,166.86
2302.275,3,0,0.3,370.92
1479.245,1,0,1.0,236.08
113.628,9,1,1.0,74.67
27.975,15,0,0.7,66.96
503.833,13,0,1.0,162.6
17.366,8,1,0.7,65.41
30.911,18,1,1.0,96.67
1443.707,14,0,0.7,252.19
10.344,17,1,1.0,42.05
743.137,4,0,1.0,137.73
903.822,23,0,0.7,203.94
1237.783,6,0,1.0,199.99
21.633,15,0,0.3,65.07
19.293,12,0,0.9,42.4
30.907,15,0,1.0,69.28
489.79,0,0,1.0,151.3
5.171,7,0,1.0,22.73
22.619,19,1,1.0,78.34
18.08,13,0,0.7,50.54
28.291,16,0,1.0,62.59
18.001,22,0,0.7,51.49
16.381,22,0,0.7,49.12
18.051,0,0,1.0,41.19
21.929,3,0,1.0,61.67
21.946,10,1,0.7,70.42
26.297,19,1,0.7,91.01
21.785,10,1,0.9,69.8
499.629,17,1,1.0,159.72
928.35,23,0,1.0,163.37
20.232,17,1,0.3,75.04
11.989,2,0,0.3,33.27
17.649,0,0,1.0,46.04
6.252,10,1,1.0,27.24
23.393,10,1,1.0,79.43
4.678,17,1,0.7,28.82
14.733,1,0,0.7,46.58
13.429,18,1,0.9,52.46
25.156,9,1,0.7,80.28
22.717,13,0,0.3,65.21
10.436,7,0,0.7,32.66
19.52,3,0,0.9,51.07
26.276,20,1,1.0,84.42
21.716,19,1,1.0,77.96
12.229,23,0,0.9,37.12
24.939,14,0,0.7,73.3
454.589,12,0,0.3,152.12
23.059,18,1,0.9,87.44
8.421,4,0,1.0,28.96
6.16,0,0,0.7,22.56
3.58,11,1,0.7,24.57
861.805,18,1,1.0,196.3
7.781,23,0,1.0,28.81
19.689,19,1,1.0,72.51
21.805,15,0,0.3,63.36
27.842,16,0,0.7,68.4
24.569,14,0,0.3,63.48
14.994,23,0,0.9,36.32
1560.654,4,0,0.9,280.9
10.194,18,1,1.0,42.22
419.677,10,1,0.3,104.13
23.879,7,0,0.7,50.41
583.679,4,0,1.0,157.38
1147.434,8,1,0.7,243.19
16.762,1,0,1.0,40.92
19.115,6,0,0.3,55.06
23.078,22,0,1.0,56.14
26.824,12,0,0.7,67.88
16.799,18,1,0.9,62.82
12.023,4,0,1.0,34.13
19.141,23,0,0.3,51.18
15.109,9,1,0.3,63.04
18.685,18,1,1.0,64.1
27.85,4,0,0.9,56.45
509.462,12,0,0.3,170.78
1976.182,13,0,0.7,338.3
9.083,2,0,1.0,33.51
879.848,23,0,0.9,181.76
22.47,11,1,1.0,84.9
19.831,14,0,1.0,46.24
21.331,14,0,1.0,53.73
1377.301,7,0,0.3,256.31
21.214,23,0,1.0,50.0
6.53,4,0,1.0,23.87
9.318,5,0,0.7,28.06
849.739,5,0,0.7,181.58
20.639,0,0,0.3,61.99
16.653,16,0,0.9,45.34
957.034,12,0,0.7,187.39
17.892,9,1,0.3,77.4
26.227,3,0,0.7,63.48
438.628,2,0,0.7,149.35
28.142,4,0,0.7,74.26
911.953,12,0,1.0,190.94
30.06,17,1,0.7,105.55
22.797,5,0,1.0,58.8
12.273,11,1,0.7,47.38
1743.568,3,0,0.7,242.9
24.911,14,0,0.9,65.67
31.245,17,1,0.7,101.0
12.132,22,0,0.9,33.76
1479.296,9,1,0.7,252.94
11.994,5,0,1.0,32.31
781.824,4,0,1.0,162.19
5.531,16,0,0.9,22.07
22.102,22,0,0.7,59.02
30.189,19,1,0.7,107.79
16.541,5,0,0.7,49.59
19.789,9,1,0.7,71.56
29.981,12,0,1.0,76.72
8.041,11,1,0.3,44.44
25.426,17,1,1.0,87.44
11.208,16,0,0.3,32.43
19.329,14,0,1.0,55.28
1455.263,15,0,0.7,265.81
16.04,14,0,1.0,44.48
841.125,6,0,0.3,221.1
5.847,12,0,0.9,27.74
879.668,11,1,0.7,220.83
1557.382,21,1,0.3,297.66
18.061,12,0,1.0,51.27
3.105,21,1,0.7,20.46
31.565,3,0,1.0,85.21
1372.914,2,0,0.7,246.32
259.117,21,1,0.7,106.24
21.025,5,0,0.7,55.94
18.502,16,0,0.7,52.21
147.461,20,1,0.7,120.58
21.489,10,1,1.0,80.79
938.789,1,0,0.9,202.53
24.584,17,1,1.0,76.46
22.739,6,0,0.9,61.55
27.556,20,1,0.3,102.05
3.457,21,1,0.3,26.4
1177.611,13,0,0.3,201.46
12.646,21,1,0.7,55.94
505.621,10,1,0.7,153.05
15.73,7,0,0.7,36.69
19.548,8,1,1.0,57.03
296.98,18,1,1.0,103.9
21.174,3,0,0.7,51.1
32.234,5,0,0.3,77.79
22.263,17,1,0.7,73.46
774.058,8,1,0.7,162.98
908.214,5,0,1.0,203.91
11.265,7,0,0.7,33.35
19.025,4,0,0.3,45.94
18.818,6,0,0.7,55.84
15.183,3,0,0.7,40.85
9.949,20,1,0.7,49.57
24.111,23,0,0.3,58.66
20.493,21,1,0.7,83.86
10.544,6,0,0.7,34.17
3.679,17,1,0.3,25.97
23.53,3,0,1.0,57.47
7.747,5,0,0.9,26.85
7.482,12,0,0.7,28.56
1617.736,23,0,0.7,269.38
7.555,12,0,1.0,24.37
12.909,10,1,1.0,49.47
11.66,0,0,0.3,42.19
26.69,22,0,0.7,67.93
17.068,2,0,0.3,52.06
10.78,3,0,1.0,33.83
14.086,10,1,0.3,68.53
4.812,11,1,0.7,32.77
867.422,19,1,0.3,173.93
3.274,11,1,0.9,22.27
14.859,3,0,0.9,41.79
1474.771,22,0,0.7,254.12
5.552,14,0,1.0,18.94
373.702,18,1,0.7,157.08
30.156,15,0,0.3,74.69
27.928,16,0,0.7,62.52
512.439,7,0,0.9,154.7
19.571,7,0,1.0,50.49
18.683,1,0,0.3,49.56
18.872,19,1,1.0,66.53
5.524,3,0,0.9,18.77
25.051,0,0,0.7,59.62
30.57,4,0,1.0,66.34
16.479,7,0,0.9,38.02
13.005,23,0,0.9,37.57
15.271,12,0,0.3,47.32
1952.176,14,0,1.0,292.83
432.412,15,0,0.9,143.04
15.696,6,0,0.3,50.13
12.936,19,1,0.7,52.32
4.457,10,1,1.0,29.32
1390.25,13,0,0.7,244.95
22.64,9,1,0.3,86.87
20.433,22,0,0.9,53.04
28.985,20,1,0.7,104.17
17.962,20,1,0.7,69.52
17.039,3,0,0.7,49.81
9.565,14,0,0.7,29.57
7.779,11,1,1.0,39.26
14.258,9,1,0.9,54.38
11.724,12,0,0.3,39.96
1591.541,18,1,0.7,278.61
4.411,16,0,0.9,17.68
1760.581,20,1,0.3,287.68
13.445,6,0,1.0,36.11
366.204,15,0,0.7,111.78
18.184,10,1,1.0,65.84
18.379,4,0,0.7,51.17
15.159,14,0,0.3,44.31
931.416,0,0,0.7,188.96
1288.232,10,1,0.3,232.28
1770.491,18,1,0.7,291.34
16.012,13,0,1.0,40.28
543.608,21,1,0.7,134.96
16.945,8,1,0.3,72.33
6.257,10,1,0.7,32.59
16.262,16,0,0.9,46.86
1612.096,17,1,1.0,294.05
10.26,22,0,1.0,26.07
1742.612,21,1,0.9,251.67
17.31,5,0,0.3,54.88
13.1,9,1,0.9,49.93
10.163,4,0,0.7,32.96
9.968,23,0,0.3,39.51
18.934,13,0,0.3,57.83
13.643,4,0,1.0,38.08
1189.234,22,0,1.0,198.15
26.704,8,1,0.9,87.39
1356.742,10,1,1.0,240.86
17.882,8,1,0.3,76.47
8.586,23,0,0.3,26.22
3.651,6,0,0.7,16.54
1328.415,21,1,0.7,206.66
13.85,12,0,0.9,46.1
17.177,23,0,1.0,43.75
17.249,22,0,0.7,45.33
25.125,18,1,0.3,96.97
21.877,1,0,1.0,51.36
11.753,4,0,0.7,34.65
896.263,14,0,0.9,156.2
22.709,6,0,0.7,51.93
34.787,12,0,0.7,79.29
21.179,7,0,1.0,50.67
20.392,19,1,0.3,83.43
1369.116,1,0,1.0,234.26
22.918,4,0,0.9,57.04
11.6,21,1,1.0,49.44
10.354,22,0,0.7,27.0
8.883,13,0,0.7,34.3
8.712,16,0,1.0,25.46
6.764,5,0,0.7,23.94
10.638,4,0,0.7,33.16
16.482,7,0,1.0,43.58
16.304,12,0,0.7,44.48
1589.846,7,0,1.0,236.31
360.802,10,1,0.9,126.0
24.868,9,1,1.0,77.16
1488.962,12,0,1.0,263.36
24.948,4,0,0.7,56.09
23.766,22,0,1.0,54.83
21.602,9,1,0.7,76.85
16.911,13,0,1.0,37.57
19.365,3,0,1.0,47.05
10.515,9,1,1.0,44.79
9.262,20,1,1.0,43.02
27.02,11,1,1.0,89.68
36.856,12,0,0.7,89.88
1191.727,6,0,0.3,232.87
21.671,12,0,0.3,56.54
232.128,15,0,0.9,98.41
26.775,12,0,0.9,60.1
512.182,19,1,1.0,155.93
22.498,15,0,0.7,56.55
12.071,22,0,1.0,31.82
7.349,10,1,0.3,41.74
24.22,13,0,0.7,61.69
18.173,11,1,0.7,64.56
13.997,6,0,0.7,44.33
21.401,11,1,0.3,71.82
1199.019,23,0,1.0,230.69
24.787,14,0,0.3,68.59
28.479,8,1,0.3,102.26
6.04,21,1,1.0,23.71
1562.057,7,0,0.7,270.19
15.071,18,1,1.0,51.51
18.416,1,0,0.7,51.2
1166.062,12,0,1.0,227.08
33.153,13,0,1.0,72.42
30.447,0,0,1.0,68.55
908.135,19,1,1.0,179.53
1380.85,10,1,0.9,235.01
6.623,22,0,0.3,25.07
1674.292,19,1,0.7,246.14
15.398,18,1,1.0,59.8
6.647,13,0,0.7,31.37
24.389,11,1,1.0,89.72
521.384,22,0,0.3,124.03
432.411,5,0,0.7,113.56
13.244,16,0,0.9,33.89
9.498,1,0,0.7,26.75
3.529,4,0,0.7,18.3
1617.653,7,0,0.9,266.01
3.041,1,0,0.7,23.45
9.788,11,1,0.9,46.72
19.263,4,0,1.0,52.43
18.77,8,1,1.0,63.14
22.992,14,0,0.9,57.14
17.404,18,1,0.7,71.09
23.238,9,1,1.0,81.27
349.772,18,1,0.7,105.05
16.109,11,1,0.9,63.38
16.668,17,1,0.9,66.68
17.249,2,0,1.0,44.47
21.979,16,0,1.0,48.9
8.074,18,1,1.0,36.21
17.985,2,0,1.0,47.73
4.45,9,1,1.0,24.31
23.145,21,1,1.0,72.57
22.735,11,1,1.0,69.88
6.243,21,1,0.7,32.04
736.934,16,0,0.3,166.12
18.745,0,0,0.7,52.82
29.366,7,0,0.3,82.55
28.485,15,0,0.3,85.3
24.854,22,0,1.0,56.19
14.833,6,0,0.3,38.81
17.213,22,0,0.7,51.67
22.657,15,0,1.0,54.83
7.59,6,0,0.3,22.86
2006.077,14,0,0.9,318.11
1758.726,15,0,1.0,304.38
25.458,14,0,1.0,67.16
1574.306,22,0,0.3,241.98
1537.113,15,0,1.0,261.64
1081.017,3,0,1.0,187.47
25.264,22,0,0.7,58.09
14.075,4,0,0.7,44.99
30.306,5,0,1.0,74.9
24.819,21,1,1.0,86.58
36.224,9,1,0.9,121.59
14.115,15,0,0.9,47.96
9.079,11,1,0.7,33.58
18.703,14,0,1.0,50.88
1589.497,13,0,1.0,244.89
12.047,22,0,0.3,39.42
2002.218,13,0,1.0,291.47
22.795,13,0,0.9,52.95
12.665,6,0,0.7,36.78
24.32,6,0,0.7,66.71
27.64,21,1,0.7,97.83
18.339,17,1,0.7,63.93
430.897,2,0,0.7,113.23
891.855,9,1,0.7,191.02
6.883,5,0,0.9,28.63
12.365,16,0,0.9,35.4
20.73,20,1,1.0,62.69
11.806,9,1,0.7,43.47
8.565,7,0,0.9,25.11
29.934,16,0,0.9,77.16
1096.343,8,1,1.0,175.66
12.742,9,1,0.3,52.83
130.026,17,1,0.7,77.7
25.776,3,0,1.0,70.39
869.528,4,0,0.7,177.23
1541.071,8,1,0.9,219.85
1986.95,3,0,0.9,338.77
11.841,19,1,0.3,45.45
14.834,11,1,0.7,54.45
1575.905,14,0,0.9,244.85
24.742,15,0,0.7,63.0
19.073,18,1,0.7,72.87
1495.209,10,1,0.9,273.47
23.252,4,0,0.7,48.62
11.04,12,0,1.0,29.33
9.777,5,0,0.7,33.3
22.963,5,0,0.3,56.23
31.381,12,0,0.3,72.29
14.058,0,0,0.7,46.09
7.561,11,1,0.7,36.58
15.293,1,0,0.9,40.98
7.872,17,1,1.0,34.52
7.179,23,0,0.3,25.66
1079.196,5,0,0.7,206.4
15.344,4,0,0.9,36.41
6.825,4,0,0.3,23.83
519.578,0,0,1.0,138.28
13.951,23,0,1.0,39.53
14.089,8,1,1.0,51.92
22.767,21,1,1.0,73.27
18.959,11,1,1.0,69.12
18.543,18,1,0.7,65.17
1095.425,10,1,0.9,216.8
33.59,2,0,1.0,74.06
7.066,22,0,0.7,28.87
981.164,19,1,0.9,174.16
24.334,7,0,1.0,59.92
30.78,12,0,0.7,74.23
363.414,6,0,0.9,110.04
24.818,23,0,1.0,61.44
14.837,2,0,0.9,44.21
25.201,4,0,1.0,59.64
20.969,6,0,0.7,54.49
1357.232,10,1,0.9,262.11
17.455,20,1,1.0,50.1
868.608,9,1,0.3,218.16
6.155,19,1,0.7,28.74
18.31,11,1,1.0,56.13
947.009,22,0,1.0,188.39
28.936,15,0,0.7,66.23
1019.453,4,0,0.7,209.38
10.27,10,1,0.3,43.36
3.533,10,1,1.0,25.19
12.215,18,1,0.7,46.33
22.236,20,1,1.0,88.56
31.537,14,0,1.0,74.97
2002.411,3,0,1.0,267.11
1623.919,7,0,1.0,268.19
28.8,15,0,1.0,68.52
23.942,17,1,1.0,72.85
6.667,23,0,0.3,23.8
11.016,15,0,1.0,34.84
18.344,19,1,0.9,63.19
8.352,14,0,1.0,29.67
369.119,7,0,0.7,145.48
20.69,23,0,0.3,59.64
7.395,23,0,1.0,30.91
27.052,18,1,0.7,82.78
24.866,18,1,0.7,88.38
516.112,4,0,1.0,140.07
6.421,13,0,1.0,24.32
30.864,17,1,1.0,93.5
12.29,3,0,1.0,34.58
12.788,12,0,0.7,32.34
2.603,2,0,1.0,21.2
9.729,12,0,0.3,32.94
13.45,2,0,0.7,34.49
17.772,12,0,1.0,46.11
17.203,15,0,0.7,52.43
13.457,8,1,0.7,54.32
1551.676,12,0,0.7,304.98
24.912,20,1,0.7,89.96
7.784,20,1,0.9,35.73
15.262,14,0,0.7,35.82
32.722,12,0,0.7,85.44
9.389,15,0,1.0,30.88
7.216,8,1,1.0,33.06
27.574,0,0,0.7,70.05
8.692,0,0,0.7,35.61
8.255,20,1,0.9,35.24
10.492,23,0,0.7,32.23
0.878,2,0,0.9,17.42
956.367,12,0,1.0,192.92
1.041,12,0,0.3,11.98
23.495,15,0,0.3,61.95
5.129,6,0,0.9,21.1
23.53,13,0,0.3,66.85
13.672,4,0,0.9,33.89
18.023,12,0,0.9,49.82
17.241,0,0,0.7,45.12
1303.84,0,0,0.7,233.28
1369.35,20,1,0.9,262.81
18.467,12,0,1.0,44.45
778.447,22,0,0.7,196.92
9.396,14,0,1.0,32.63
2310.892,10,1,1.0,297.42
23.462,7,0,0.3,63.54
920.192,23,0,0.7,200.75
5.251,18,1,0.9,27.68
28.805,17,1,0.9,96.53
15.494,17,1,0.7,59.25
19.04,8,1,0.3,68.5
11.082,8,1,0.7,40.14
2.234,16,0,1.0,20.69
2299.064,3,0,1.0,333.07
603.166,9,1,0.3,149.55
1654.32,5,0,0.7,271.6
8.322,11,1,0.7,40.01
14.917,9,1,1.0,55.07
14.875,4,0,0.7,42.2
29.019,11,1,0.3,123.6
24.734,18,1,1.0,71.33
5.731,7,0,1.0,22.96
15.479,13,0,0.9,41.43
1541.703,11,1,0.3,273.04
2.821,4,0,1.0,22.16
1467.238,19,1,0.7,281.84
1890.964,11,1,0.7,301.33
18.549,13,0,0.7,41.71
23.959,19,1,0.9,85.11
18.406,7,0,1.0,50.49
452.976,18,1,0.7,156.81
32.895,5,0,0.7,74.98
12.189,7,0,0.3,41.36
1767.38,20,1,0.7,292.82
25.164,19,1,0.7,89.65
16.156,7,0,0.7,45.73
6.522,10,1,1.0,36.08
8.059,11,1,1.0,30.05
13.815,19,1,0.3,58.51
18.172,16,0,0.9,50.13
743.435,12,0,1.0,181.15
9.407,4,0,0.9,27.12
509.861,15,0,1.0,143.32
11.226,10,1,1.0,43.44
14.416,12,0,0.3,40.87
27.94,20,1,1.0,81.02
15.721,10,1,0.7,60.88
35.52,1,0,0.3,84.13
26.859,2,0,1.0,62.91
24.5,0,0,0.3,71.71
946.837,8,1,0.7,195.37
11.665,23,0,1.0,34.5
14.555,8,1,0.7,52.46
19.517,16,0,1.0,57.24
1565.829,7,0,1.0,235.39
13.84,11,1,1.0,53.51
10.913,22,0,0.7,34.58
25.583,19,1,1.0,98.45
277.056,15,0,0.7,122.0
953.241,13,0,1.0,171.88
11.639,8,1,1.0,47.41
28.996,12,0,1.0,59.66
1506.493,20,1,1.0,234.14
22.029,23,0,0.7,57.42
1528.648,15,0,1.0,244.02
861.007,20,1,0.3,219.5
17.459,15,0,0.7,52.11
26.29,14,0,0.3,77.42
12.127,5,0,1.0,32.61
887.817,3,0,1.0,182.59
4.331,2,0,0.7,23.03
21.032,16,0,0.3,64.92
1333.418,15,0,0.7,240.47
18.405,23,0,1.0,47.09
2.034,15,0,1.0,16.07
1911.905,21,1,1.0,260.43
498.409,13,0,1.0,146.34
13.691,8,1,1.0,45.9
13.966,3,0,0.3,40.12
21.69,20,1,0.3,85.46
15.181,17,1,1.0,61.75
19.415,23,0,0.7,57.67
31.112,14,0,1.0,66.3
25.871,6,0,1.0,57.46
15.759,11,1,1.0,55.97
5.514,11,1,0.7,29.46
23.933,14,0,0.7,56.14
1365.629,2,0,0.7,243.67
12.503,0,0,0.3,43.2
23.022,21,1,1.0,76.3
12.726,17,1,0.9,46.16
137.301,2,0,0.7,102.28
876.717,12,0,0.7,175.48
1435.366,12,0,0.7,234.94
10.938,10,1,0.7,49.53
14.216,0,0,1.0,43.66
119.876,22,0,0.7,79.55
1174.347,13,0,0.3,250.23
27.883,11,1,1.0,84.67
24.306,8,1,1.0,85.78
1295.703,2,0,1.0,188.38
12.89,2,0,1.0,35.52
4.941,13,0,1.0,19.86
10.924,15,0,1.0,32.09
20.427,5,0,0.7,51.34
8.738,7,0,0.7,28.74
9.946,3,0,0.7,38.35
18.033,4,0,1.0,48.78
1351.503,2,0,0.9,257.1
8.186,4,0,1.0,24.71
7.988,19,1,0.7,42.51
13.428,8,1,0.9,53.06
1042.796,19,1,1.0,181.37
14.139,4,0,1.0,45.76
244.381,12,0,1.0,116.66
1209.805,4,0,0.7,235.17
23.282,17,1,0.7,80.56
11.26,3,0,0.9,38.68
492.386,10,1,0.7,157.83
3.4,17,1,0.7,25.35
25.009,20,1,1.0,91.11
22.505,2,0,1.0,62.93
18.985,7,0,1.0,50.29
11.37,17,1,0.9,50.69
1367.815,19,1,1.0,239.27
6.904,17,1,1.0,30.8
20.27,19,1,0.9,69.17
627.113,17,1,0.3,186.5
1184.236,7,0,1.0,234.28
15.243,20,1,0.7,59.91
16.463,17,1,0.3,74.27
1544.831,3,0,0.7,251.43
13.195,22,0,1.0,31.81
12.749,21,1,0.9,50.43
12.793,23,0,0.7,36.46
13.723,14,0,0.7,43.87
13.938,10,1,0.7,52.27
17.639,15,0,1.0,43.09
8.718,22,0,1.0,34.29
17.984,4,0,1.0,35.79
2.903,4,0,1.0,19.98
1613.856,4,0,1.0,264.11
1358.684,23,0,0.3,223.44
18.697,2,0,1.0,50.36
14.07,8,1,1.0,53.61
1451.24,10,1,0.9,235.02
17.141,12,0,0.9,45.65
2315.796,11,1,0.7,341.21
17.328,14,0,1.0,50.03
1145.89,19,1,1.0,245.84
17.145,1,0,1.0,55.06
7.136,23,0,1.0,20.99
2068.493,16,0,0.7,330.12
31.214,11,1,0.3,109.79
15.151,17,1,0.7,60.72
34.268,16,0,1.0,68.64
16.983,20,1,0.7,62.6
9.367,22,0,0.7,31.52
12.226,22,0,0.3,40.21
22.265,13,0,1.0,53.34
23.269,23,0,1.0,50.08
24.937,2,0,1.0,57.69
8.408,16,0,1.0,30.07
1166.136,19,1,0.3,232.95
27.843,22,0,1.0,69.7
17.625,4,0,1.0,45.06
878.386,5,0,0.3,183.85
12.394,17,1,1.0,45.01
503.441,19,1,0.7,133.87
6.26,19,1,0.9,33.71
6.161,18,1,0.7,29.12
23.857,3,0,0.7,55.55
18.371,12,0,0.7,50.06
23.855,21,1,0.9,88.89
1740.806,19,1,1.0,259.37
13.74,22,0,0.7,37.49
27.938,5,0,1.0,70.14
943.528,22,0,0.7,201.89
6.028,3,0,0.3,28.42
8.986,21,1,0.3,40.22
7.615,13,0,0.7,27.05
4.679,10,1,1.0,31.45
8.807,22,0,1.0,35.1
21.646,9,1,0.7,68.65
990.252,9,1,0.7,193.51
889.189,17,1,0.7,195.2
6.553,0,0,0.7,24.49
18.297,10,1,0.7,68.84
20.95,2,0,0.7,62.19
21.832,13,0,0.7,48.47
11.059,0,0,0.3,36.8
23.599,20,1,0.3,96.64
14.069,21,1,0.7,52.64
22.522,17,1,0.3,97.61
16.471,9,1,0.9,57.15
1546.934,19,1,1.0,241.51
11.387,18,1,0.9,46.13
1553.4,19,1,1.0,259.68
22.7,3,0,0.9,56.01
1550.586,5,0,0.3,263.94
21.827,18,1,0.9,70.54
896.916,1,0,0.3,187.67
1258.787,10,1,1.0,206.46
509.522,18,1,1.0,142.3
512.035,12,0,0.7,156.44
7.186,13,0,1.0,22.2
20.402,12,0,1.0,49.4
14.397,6,0,0.3,42.31
16.208,6,0,0.7,41.35
13.72,2,0,0.7,38.22
16.383,11,1,0.9,57.31
111.945,11,1,1.0,107.78
1576.309,13,0,0.7,231.94
15.138,23,0,1.0,46.89
15.838,0,0,1.0,38.22
25.726,1,0,0.9,60.36
27.806,17,1,0.3,110.09
20.925,0,0,0.3,59.83
17.342,19,1,1.0,59.39
8.292,3,0,1.0,28.84
10.037,21,1,0.3,48.85
1896.803,8,1,0.7,326.61
622.294,22,0,0.7,172.38
10.628,14,0,1.0,34.8
1255.365,13,0,0.7,213.95
1366.078,7,0,1.0,227.28
14.8,14,0,0.9,44.62
37.095,4,0,0.7,89.21
16.193,15,0,0.7,38.71
1739.689,3,0,0.3,305.71
13.666,2,0,0.7,41.93
8.563,2,0,0.7,28.2
3.686,11,1,0.3,27.87
25.695,19,1,0.9,80.43
17.535,14,0,1.0,43.34
28.028,19,1,0.7,98.61
1317.861,10,1,0.7,254.74
1165.448,13,0,0.3,269.24
31.064,11,1,1.0,109.11
19.99,18,1,1.0,71.74
15.68,11,1,1.0,68.13
8.421,20,1,0.9,35.97
7.163,8,1,1.0,29.22
8.939,2,0,1.0,24.96
5.657,4,0,0.3,23.34
22.958,21,1,1.0,86.13
18.143,1,0,1.0,50.8
24.848,15,0,0.3,68.78
1777.329,9,1,0.7,312.61
18.31,17,1,0.9,63.37
826.254,4,0,1.0,191.66
30.651,23,0,1.0,70.93
12.565,5,0,1.0,33.18
982.344,15,0,1.0,142.25
2009.359,22,0,1.0,318.41
22.038,11,1,0.9,74.65
28.353,14,0,0.7,74.41
15.383,14,0,1.0,37.82
14.327,17,1,0.7,45.12
26.242,19,1,0.7,92.32
10.452,5,0,0.3,40.41
2.384,14,0,0.9,23.05
1492.922,2,0,1.0,242.01
25.571,18,1,0.7,97.69
21.7,3,0,1.0,52.52
10.081,23,0,0.7,32.69
2076.377,15,0,0.7,269.17
1328.118,7,0,0.7,213.16
8.842,6,0,0.7,36.88
12.487,15,0,0.3,41.83
8.731,23,0,0.7,22.46
528.102,5,0,1.0,146.51
18.368,14,0,0.7,54.32
1904.007,5,0,0.7,325.66
31.779,14,0,1.0,68.98
16.377,5,0,0.9,43.1
23.521,7,0,0.3,64.75
17.42,9,1,0.7,70.29
4.573,1,0,1.0,20.39
7.246,0,0,0.3,26.7
4.337,6,0,0.7,19.42
6.76,12,0,0.7,25.72
538.366,22,0,0.7,139.59
1085.322,8,1,1.0,179.19
1580.455,19,1,0.9,255.82
2.705,8,1,0.7,21.76
20.386,6,0,0.3,61.84
840.714,3,0,1.0,165.85
16.031,23,0,0.7,48.29
500.874,2,0,0.7,150.88
445.275,14,0,0.7,136.33
19.549,11,1,1.0,74.08
19.648,17,1,0.7,70.57
8.162,12,0,0.7,26.21
10.771,20,1,1.0,37.13
7.818,11,1,0.3,36.43
22.909,21,1,0.3,91.68
2.92,13,0,1.0,19.68
1584.799,2,0,1.0,253.41
27.792,20,1,0.3,102.81
1365.909,3,0,1.0,204.12
488.446,1,0,0.3,161.27
521.698,7,0,0.3,173.83
16.705,0,0,1.0,46.99
13.25,20,1,0.3,60.14
460.979,11,1,0.7,118.92
5.348,13,0,1.0,19.8
30.094,18,1,0.9,116.28
4.691,15,0,0.3,21.18
954.571,21,1,0.7,183.39
542.305,12,0,1.0,138.9
501.767,19,1,0.9,158.75
5.754,14,0,0.3,22.96
937.135,19,1,0.9,163.3
2065.232,9,1,0.3,361.47
9.579,14,0,0.7,28.38
16.023,6,0,0.7,42.02
19.844,23,0,1.0,50.54
4.683,9,1,0.3,30.53
516.148,16,0,0.7,141.0
12.854,8,1,1.0,55.25
1479.537,2,0,1.0,258.62
30.334,23,0,1.0,73.31
32.836,0,0,1.0,76.23
9.828,0,0,1.0,31.36
4.598,22,0,0.9,19.93
1192.571,21,1,0.7,266.4
16.154,20,1,0.3,65.56
545.294,21,1,1.0,151.07
26.764,22,0,0.7,61.02
539.488,9,1,0.7,122.74
24.257,17,1,0.7,75.2
254.025,19,1,1.0,110.39
29.588,5,0,0.9,77.26
18.79,16,0,0.3,54.75
27.506,6,0,0.7,67.22
24.969,4,0,1.0,58.5
23.453,5,0,0.9,66.1
1986.346,8,1,1.0,278.61
21.845,12,0,0.7,62.71
18.337,3,0,1.0,45.31
2002.645,12,0,1.0,305.36
1366.673,9,1,0.7,257.93
22.405,11,1,0.3,83.81
1619.08,17,1,0.3,314.42
36.625,1,0,0.3,101.84
20.982,3,0,0.3,62.26
16.656,21,1,1.0,64.6
27.364,13,0,0.7,65.69
19.735,19,1,0.3,84.89
4.43,18,1,0.7,21.4
12.809,12,0,0.3,44.95
28.423,13,0,0.7,65.12
420.534,21,1,0.3,130.53
7.622,6,0,0.7,32.43
13.91,5,0,0.3,41.55
30.055,0,0,0.9,69.29
19.277,8,1,0.9,64.09
1985.246,11,1,0.9,324.01
907.658,5,0,1.0,179.18
233.021,12,0,0.3,123.38
421.215,14,0,0.7,126.74
7.618,23,0,0.9,22.21
34.895,6,0,0.7,83.27
4.942,20,1,0.3,35.08
8.156,8,1,0.9,41.72
5.976,22,0,1.0,18.52
1189.457,11,1,0.7,212.6
24.114,8,1,0.7,75.04
15.297,10,1,1.0,53.24
23.174,6,0,0.7,58.42
265.817,6,0,0.3,98.47
2310.688,22,0,0.3,365.39
15.801,9,1,0.9,56.03
146.119,21,1,0.7,103.2
4.262,22,0,0.7,19.88
11.844,8,1,0.7,48.49
14.789,12,0,1.0,32.92
1587.241,0,0,1.0,252.82
19.362,13,0,1.0,41.54
408.599,21,1,1.0,132.97
1361.254,6,0,1.0,202.61
22.351,12,0,0.9,54.82
512.414,7,0,0.7,128.54
241.59,17,1,1.0,112.76
16.27,13,0,1.0,47.82
12.316,15,0,1.0,30.21
15.617,15,0,0.7,44.0
10.877,23,0,0.7,31.97
4.423,22,0,0.7,20.43
18.319,17,1,1.0,63.89
917.585,3,0,0.7,186.81
1356.421,8,1,0.7,244.95
19.264,0,0,1.0,54.44
23.642,22,0,0.7,62.19
18.525,5,0,0.7,46.66
2084.466,11,1,0.7,320.51
17.748,7,0,0.3,52.44
15.585,16,0,1.0,41.44
34.834,19,1,0.7,117.67
10.892,19,1,0.3,51.42
1986.781,18,1,0.9,294.41
19.565,13,0,1.0,54.09
17.44,23,0,0.7,50.6
31.245,6,0,0.3,76.88
16.491,4,0,0.7,39.29
2.965,14,0,0.7,17.71
7.511,16,0,0.9,31.41
23.397,8,1,0.3,103.27
22.976,19,1,1.0,72.99
1461.176,3,0,0.9,221.02
110.578,12,0,0.7,105.4
18.33,11,1,0.7,81.68
14.498,2,0,1.0,45.09
32.3,4,0,1.0,77.84
28.052,19,1,0.3,96.1
12.654,5,0,1.0,31.42
7.52,7,0,0.9,29.1
23.552,22,0,0.7,69.84
12.766,20,1,0.7,49.72
1260.042,4,0,1.0,218.11
5.641,22,0,0.7,19.25
17.267,20,1,1.0,64.04
16.949,4,0,0.9,43.53
12.373,14,0,0.7,38.58
16.567,4,0,0.3,51.34
27.726,5,0,1.0,69.88
500.175,15,0,1.0,153.41
8.596,5,0,1.0,30.18
11.063,16,0,0.7,30.6
26.028,6,0,1.0,55.84
844.948,23,0,0.9,173.62
1551.813,21,1,0.7,276.13
24.132,11,1,0.9,76.58
25.543,15,0,0.9,57.16
9.347,19,1,1.0,42.77
19.251,7,0,0.7,49.38
14.899,19,1,0.3,62.75
27.189,16,0,1.0,64.52
8.718,23,0,0.7,27.62
433.244,11,1,1.0,123.37
22.233,9,1,0.3,78.8
5.517,9,1,1.0,31.52
16.957,12,0,0.7,47.94
7.842,2,0,0.7,31.04
284.066,4,0,1.0,116.02
20.468,6,0,0.7,49.19
27.881,12,0,0.9,63.02
15.848,0,0,0.7,42.78
34.101,23,0,0.3,80.54
11.981,11,1,0.3,55.0
1315.832,1,0,0.9,224.27
29.023,14,0,0.7,77.23
8.142,8,1,0.9,35.08
9.892,11,1,0.3,41.97
15.285,2,0,1.0,43.53
920.219,10,1,0.7,195.59
831.598,7,0,0.7,174.21
443.097,6,0,0.7,159.37
1094.576,7,0,1.0,177.89
415.467,4,0,1.0,128.67
31.435,18,1,0.3,126.32
26.77,2,0,1.0,62.34
1255.398,10,1,1.0,249.01
1456.906,4,0,0.9,274.0
11.245,22,0,1.0,39.29
21.328,21,1,0.7,82.97
952.891,13,0,0.3,205.13
19.826,20,1,0.3,84.34
945.889,11,1,0.9,193.85
947.736,14,0,1.0,208.15
15.634,2,0,0.9,35.1
10.66,18,1,1.0,41.0
13.531,8,1,0.3,64.3
18.643,1,0,0.7,47.92
10.221,19,1,0.3,45.14
22.383,4,0,1.0,51.56
14.832,6,0,1.0,40.92
1614.181,17,1,0.7,304.15
121.948,8,1,1.0,75.45
1075.938,19,1,1.0,181.72
22.834,22,0,0.7,61.31
14.55,8,1,0.3,59.18
27.629,22,0,1.0,69.24
33.111,2,0,0.9,68.08
1316.686,6,0,1.0,238.96
11.128,18,1,0.3,48.35
423.973,13,0,0.7,139.99
12.487,0,0,0.7,39.16
22.401,3,0,0.7,51.87
13.736,11,1,0.7,52.15
11.503,6,0,0.7,29.63
13.908,9,1,0.7,47.52
6.077,9,1,0.9,34.2
1994.939,8,1,1.0,300.01
21.307,8,1,0.7,70.58
10.885,9,1,1.0,41.69
36.555,16,0,0.7,85.1
8.108,15,0,1.0,32.43
1254.543,9,1,0.9,201.62
14.532,14,0,0.7,40.53
856.267,23,0,1.0,145.99
7.682,14,0,0.7,28.65
11.805,19,1,1.0,44.56
28.006,22,0,1.0,64.16
1433.297,0,0,1.0,269.05
1997.549,10,1,1.0,308.88
1079.299,8,1,0.7,234.12
25.872,12,0,1.0,53.26
26.531,9,1,0.7,94.51
21.56,13,0,0.3,57.18
1202.393,4,0,0.9,200.92
9.284,3,0,0.7,32.6
948.981,10,1,0.7,190.85
17.065,20,1,1.0,67.88
242.979,12,0,0.9,119.73
8.334,20,1,0.7,32.76
24.382,6,0,0.7,61.74
1085.555,15,0,0.7,212.8
1358.057,12,0,0.7,235.87
15.85,22,0,1.0,44.08
1053.766,4,0,1.0,218.05
6.018,17,1,1.0,27.28
20.001,19,1,0.7,86.11
3.238,5,0,0.3,15.65
9.396,22,0,0.7,31.68
16.112,13,0,0.9,39.57
26.071,14,0,1.0,56.74
13.336,7,0,1.0,36.55
28.357,6,0,0.9,62.27
1085.931,22,0,1.0,190.98
11.29,5,0,1.0,34.06
19.44,10,1,0.9,72.87
1515.503,8,1,1.0,233.73
17.786,14,0,1.0,48.98
362.059,4,0,0.9,123.73
5.936,12,0,0.3,26.99
1571.464,1,0,0.7,239.05
29.606,22,0,0.7,60.2
15.678,17,1,0.9,60.06
10.986,16,0,0.3,36.61
21.982,10,1,0.9,75.25
26.166,14,0,1.0,66.83
107.884,10,1,0.9,104.76
38.193,21,1,1.0,127.03
1622.417,4,0,0.9,229.69
36.809,8,1,1.0,119.38
9.527,0,0,1.0,28.91
14.556,21,1,1.0,52.84
4.623,11,1,0.7,32.32
9.883,7,0,0.7,30.79
2.915,19,1,0.9,24.63
10.76,1,0,0.3,29.79
20.331,15,0,0.7,49.78
18.678,14,0,1.0,45.95
5.763,15,0,0.7,27.65
0.628,17,1,1.0,13.88
23.346,5,0,0.3,57.09
10.162,15,0,0.3,33.71
1613.78,6,0,1.0,277.85
26.179,9,1,1.0,76.03
4.332,21,1,0.7,23.81
21.374,3,0,0.9,50.19
12.584,8,1,0.7,47.55
1252.725,19,1,1.0,186.63
1139.594,23,0,0.9,217.43
1233.745,4,0,1.0,246.78
21.412,8,1,0.3,67.53
8.002,2,0,0.3,27.66
763.233,1,0,0.7,169.18
20.612,8,1,0.7,79.91
2.805,10,1,1.0,16.76
10.532,3,0,0.9,27.86
2323.035,20,1,0.7,302.45
1087.843,21,1,1.0,237.35
13.226,13,0,1.0,40.22
13.233,14,0,0.7,39.09
554.648,21,1,1.0,130.29
1314.168,18,1,0.7,207.44
19.288,10,1,0.7,64.12
25.312,10,1,0.3,106.96
16.502,21,1,0.3,69.97
18.359,18,1,1.0,70.65
16.959,18,1,0.7,65.34
11.003,20,1,0.3,55.8
11.842,1,0,0.9,30.94
24.308,9,1,0.9,76.49
17.652,11,1,1.0,56.16
21.932,16,0,0.9,46.46
14.551,14,0,0.3,46.14
27.513,19,1,1.0,96.38
1508.612,2,0,1.0,251.21
11.039,15,0,0.3,37.41
913.085,2,0,0.9,202.91
742.813,6,0,0.3,179.96
21.441,6,0,0.7,58.19
20.195,13,0,0.7,52.33
5.177,13,0,1.0,23.58
1730.426,19,1,1.0,275.46
1598.738,19,1,1.0,230.77
24.413,13,0,0.3,63.73
1504.116,17,1,0.7,252.32
895.88,14,0,1.0,177.22
13.425,10,1,0.7,61.34
25.445,13,0,1.0,57.27
23.593,12,0,1.0,52.04
10.393,13,0,1.0,32.16
13.737,19,1,0.3,60.51
10.927,6,0,0.7,39.61
522.99,7,0,0.7,127.66
952.418,10,1,0.7,169.1
12.174,3,0,1.0,36.31
942.741,17,1,0.3,240.83
14.17,6,0,0.9,44.17
938.572,5,0,1.0,173.19
1745.784,5,0,1.0,304.03
952.138,15,0,0.9,185.61
1194.838,17,1,0.7,195.91
5.528,10,1,0.9,29.18
1187.784,1,0,0.3,251.74
23.272,20,1,0.7,87.33
13.507,18,1,0.9,50.82
958.957,22,0,0.7,235.9
2011.567,4,0,0.7,286.82
6.879,3,0,0.3,26.38
1041.641,10,1,0.3,207.03
1745.847,2,0,0.7,296.54
15.987,10,1,1.0,61.91
22.175,12,0,0.7,56.57
914.997,7,0,0.7,181.45
1475.063,1,0,1.0,273.32
2088.83,2,0,1.0,312.38
907.105,6,0,0.7,213.13
20.637,19,1,0.7,76.75
1571.435,17,1,1.0,251.38
1734.13,13,0,0.7,303.78
1739.299,13,0,0.3,324.34
10.889,7,0,0.7,39.71
1357.691,23,0,1.0,241.88
3.83,14,0,1.0,17.1
20.169,5,0,0.3,56.12
118.327,17,1,0.3,125.83
33.843,13,0,0.3,96.88
19.083,5,0,1.0,50.29
895.784,2,0,1.0,200.19
280.264,5,0,0.3,111.19
17.846,10,1,1.0,57.73
19.418,3,0,0.7,49.18
25.857,8,1,0.3,101.36
1189.203,11,1,0.3,201.59
17.316,14,0,0.3,48.11
15.675,20,1,0.9,57.88
2004.905,18,1,0.7,269.78
20.808,5,0,0.7,49.98
16.208,0,0,0.7,53.41
13.252,9,1,1.0,51.74
19.894,0,0,0.9,49.05
22.501,19,1,0.7,70.29
16.561,15,0,0.9,51.44
2070.25,8,1,0.7,346.0
16.687,20,1,0.9,53.82
21.754,20,1,1.0,69.1
16.122,20,1,0.7,62.37
1448.593,2,0,0.3,270.06
12.338,14,0,0.3,37.56
10.415,16,0,0.3,37.67
733.06,6,0,0.7,152.55
23.67,17,1,0.3,102.67
9.446,7,0,0.9,28.54
1359.751,5,0,0.7,234.27
21.627,20,1,0.7,78.48
31.02,13,0,0.3,67.89
12.45,22,0,0.9,35.93
273.441,6,0,1.0,115.67
18.469,7,0,0.7,49.8
497.535,23,0,1.0,127.66
28.241,12,0,0.9,57.44
5.973,7,0,0.3,22.54
26.543,20,1,0.9,90.09
1608.856,23,0,0.3,296.17
31.102,9,1,1.0,96.86
19.005,2,0,0.9,46.24
257.307,5,0,1.0,137.77
7.173,2,0,0.3,32.05
503.046,8,1,0.3,144.87
8.256,11,1,0.7,38.47
23.031,16,0,0.7,60.37
1570.559,11,1,0.7,276.42
16.097,10,1,1.0,60.2
1727.171,6,0,0.3,266.93
20.27,16,0,0.9,48.41
23.866,8,1,1.0,94.55
27.357,14,0,1.0,61.78
30.527,2,0,0.7,81.46
20.123,0,0,0.7,54.32
23.053,22,0,0.3,58.64
12.837,1,0,1.0,38.4
17.873,9,1,0.9,57.97
2.522,20,1,0.3,20.12
8.02,21,1,1.0,36.98
13.945,9,1,0.3,60.78
10.805,1,0,1.0,33.89
14.455,8,1,1.0,45.79
19.013,4,0,0.7,51.0
21.175,11,1,1.0,79.28
1947.002,9,1,1.0,289.56
18.88,18,1,0.7,76.03
5.506,5,0,1.0,25.59
1366.899,21,1,0.7,222.97
5.808,14,0,0.9,19.05
519.481,3,0,1.0,151.58
30.558,2,0,0.7,66.85
1547.403,22,0,0.7,273.48
1211.854,3,0,0.7,225.17
11.889,23,0,0.7,40.0
5.831,20,1,0.9,35.74
20.097,0,0,0.9,49.61
20.492,9,1,0.7,76.72
1382.005,0,0,1.0,204.16
16.077,16,0,0.9,47.91
1176.08,19,1,1.0,209.25
1047.335,10,1,0.7,212.77
13.874,21,1,0.7,61.58
1308.816,14,0,0.7,238.26
847.23,14,0,0.7,179.58
3.961,14,0,0.9,23.17
12.099,20,1,1.0,56.25
3.685,13,0,0.3,18.12
28.197,7,0,1.0,63.19
17.982,15,0,0.7,45.65
1660.829,11,1,0.9,300.02
9.946,8,1,1.0,44.86
769.563,23,0,0.9,159.3
1178.068,5,0,1.0,211.19
17.802,16,0,0.7,47.09
6.349,1,0,0.7,21.25
1626.226,21,1,1.0,233.06
1456.168,2,0,1.0,283.3
1458.313,1,0,1.0,235.63
1372.801,13,0,0.7,235.34
16.027,17,1,0.3,73.44
15.671,21,1,0.9,58.78
1979.105,13,0,1.0,273.2
1350.064,6,0,1.0,251.19
1233.508,11,1,0.3,272.75
28.414,17,1,0.3,115.48
29.548,11,1,1.0,92.09
4.509,16,0,0.9,22.02
27.261,8,1,0.9,100.17
1904.556,10,1,0.7,313.85
15.793,7,0,0.7,37.11
26.246,9,1,0.9,95.59
10.31,7,0,0.7,32.1
14.842,16,0,1.0,45.81
16.443,23,0,0.7,45.0
956.537,23,0,1.0,173.79
2.118,20,1,0.9,23.51
9.03,16,0,0.7,27.62
515.129,22,0,0.7,149.68
27.591,0,0,0.7,68.5
26.74,19,1,0.9,94.18
22.957,22,0,0.7,51.42
4.502,5,0,0.7,21.54
26.366,10,1,0.3,91.02
13.294,14,0,0.3,47.36
23.903,15,0,0.3,71.04
9.786,9,1,0.3,47.87
1982.773,12,0,0.9,305.54
609.269,9,1,0.3,150.11
18.805,3,0,0.9,51.67
1948.626,6,0,0.9,326.25
28.371,14,0,1.0,66.24
21.063,23,0,0.7,48.8
4.785,22,0,1.0,27.29
29.643,2,0,0.7,74.88
9.976,4,0,0.7,35.59
24.039,12,0,0.9,57.51
438.401,6,0,1.0,103.12
1562.011,4,0,0.7,262.43
23.784,12,0,0.3,65.58
12.531,2,0,0.7,44.86
924.178,13,0,0.7,200.54
1521.182,10,1,1.0,273.9
20.248,13,0,0.7,54.19
24.286,4,0,0.9,58.47
32.824,7,0,1.0,80.46
23.938,9,1,0.7,81.01
6.054,23,0,0.9,26.99
7.917,1,0,0.3,31.64
9.198,9,1,1.0,39.88
15.487,16,0,0.7,39.35
18.82,23,0,0.7,48.65
1204.884,13,0,0.9,230.65
25.346,15,0,0.7,57.79
1349.963,13,0,0.3,249.67
15.964,0,0,0.9,47.14
17.401,12,0,0.3,47.22
623.672,16,0,1.0,162.59
1877.762,17,1,1.0,271.47
3.269,21,1,0.9,24.66
510.787,6,0,0.7,130.89
439.03,20,1,1.0,153.36
25.749,20,1,0.7,95.23
6.167,16,0,0.3,28.53
954.691,2,0,0.7,189.24
13.056,16,0,1.0,34.87
27.459,19,1,0.7,90.91
553.33,18,1,1.0,129.61
35.295,21,1,0.3,124.94
1353.822,7,0,0.7,227.17
21.392,23,0,0.7,58.92
1366.102,9,1,1.0,226.12
13.734,23,0,0.7,40.08
16.923,5,0,1.0,43.08
405.61,18,1,0.9,112.21
1080.421,0,0,0.9,220.53
18.035,19,1,1.0,66.86
1148.609,11,1,0.3,207.87
11.533,10,1,1.0,47.19
3.953,16,0,0.3,17.24
6.833,19,1,1.0,30.87
1350.491,12,0,0.9,233.67
26.625,19,1,1.0,83.15
24.862,20,1,0.7,85.11
17.394,15,0,1.0,39.79
30.926,6,0,1.0,72.18
5.777,5,0,0.7,24.41
966.583,20,1,0.7,228.47
21.126,18,1,1.0,72.56
2314.145,6,0,1.0,323.33
1328.383,22,0,0.9,214.68
17.853,4,0,0.9,53.73
1359.089,17,1,1.0,212.43
17.085,8,1,1.0,58.28
8.402,23,0,1.0,27.37
937.391,21,1,0.9,188.63
878.126,15,0,0.3,195.7
1169.812,23,0,0.7,209.4
11.41,20,1,0.7,49.79
19.356,1,0,0.7,45.1
915.174,2,0,1.0,181.52
22.617,4,0,0.7,57.19
27.981,15,0,0.3,74.35
20.654,21,1,0.3,80.1
496.927,3,0,0.9,119.36
21.896,20,1,0.7,82.78
10.07,23,0,0.3,37.24
26.554,0,0,0.7,69.67
26.043,19,1,1.0,85.96
860.761,2,0,0.7,156.5
1564.147,3,0,0.9,237.01
443.348,18,1,1.0,141.37
945.175,4,0,0.7,192.73
4.929,10,1,0.3,26.12
1366.696,6,0,0.9,262.32
33.317,13,0,0.7,82.32
15.633,6,0,1.0,40.19
1653.909,14,0,0.7,277.75
1030.061,21,1,0.3,210.32
916.396,21,1,1.0,175.38
23.97,9,1,0.7,75.32
18.448,12,0,1.0,49.74
22.786,3,0,0.3,61.0
10.307,22,0,0.7,36.89
0.689,9,1,1.0,17.35
20.848,6,0,1.0,43.26
13.465,20,1,0.7,56.45
16.897,18,1,0.9,58.3
15.326,19,1,1.0,50.94
15.492,3,0,0.7,42.14
22.941,2,0,0.3,57.06
21.248,4,0,1.0,45.46
1999.69,18,1,0.7,349.58
21.793,20,1,0.3,84.24
7.003,11,1,1.0,34.61
14.394,3,0,0.9,34.7
34.157,7,0,1.0,79.72
19.271,1,0,0.7,58.18
11.616,11,1,1.0,41.59
14.649,20,1,1.0,47.51
1745.181,19,1,0.3,307.67
14.938,17,1,1.0,54.19
18.786,20,1,1.0,76.23
1184.386,2,0,0.9,224.45
237.087,22,0,0.7,111.59
16.171,8,1,0.9,59.13
123.776,1,0,0.9,100.65
4.951,19,1,1.0,25.73
13.926,12,0,0.3,38.73
1576.34,5,0,0.9,209.79
1089.784,7,0,0.9,234.64
12.446,12,0,0.7,38.89
855.09,19,1,1.0,169.71
26.307,7,0,1.0,68.39
12.296,10,1,0.3,57.37
31.486,13,0,1.0,71.1
978.572,10,1,1.0,216.22
1324.499,11,1,0.7,245.96
1082.029,8,1,0.7,229.71
1077.216,14,0,0.3,222.28
851.284,19,1,1.0,202.91
173.171,8,1,0.9,83.55
9.855,0,0,1.0,23.97
21.814,22,0,0.7,61.1
15.758,8,1,0.9,66.26
21.863,14,0,0.7,57.76
27.758,12,0,1.0,63.49
29.995,3,0,0.7,73.72
1531.872,22,0,0.3,248.78
3.585,19,1,0.7,25.54
15.723,0,0,0.9,39.66
14.139,14,0,1.0,40.88
1996.14,8,1,1.0,282.45
12.535,21,1,0.3,50.73
9.28,5,0,0.3,32.13
24.76,2,0,0.9,58.95
14.575,18,1,0.7,58.61
20.398,10,1,1.0,77.03
19.011,6,0,0.9,43.58
8.117,15,0,0.9,26.28
27.498,17,1,0.7,108.27
9.76,15,0,0.7,35.52
1033.414,19,1,1.0,173.47
18.068,2,0,0.7,44.4
455.811,20,1,1.0,135.77
938.626,0,0,0.7,188.25
1946.503,13,0,0.3,333.46
14.65,5,0,0.9,39.77
9.274,23,0,0.3,39.38
954.778,18,1,0.3,213.19
1445.526,5,0,1.0,243.25
1091.451,17,1,0.9,214.86
1253.468,0,0,1.0,228.93
1319.533,21,1,1.0,238.53
34.297,0,0,1.0,78.94
128.4,13,0,0.9,108.13
1585.125,20,1,0.3,259.66
19.526,3,0,1.0,48.52
1248.898,22,0,1.0,209.73
15.634,15,0,1.0,37.17
16.837,2,0,1.0,42.87
26.469,3,0,1.0,56.15
1096.026,15,0,0.7,206.96
25.099,15,0,0.7,61.95
503.98,12,0,0.7,123.03
16.157,17,1,0.3,61.47
1210.253,2,0,1.0,238.49
7.654,10,1,1.0,39.84
6.285,14,0,0.9,27.36
1306.395,16,0,0.7,230.86
15.472,7,0,0.7,47.43
1775.911,14,0,0.9,277.99
10.606,16,0,1.0,28.51
8.807,9,1,0.3,38.42
7.75,6,0,0.7,29.62
26.904,10,1,0.7,91.58
1996.91,20,1,0.7,302.55
8.324,3,0,0.9,31.31
15.972,6,0,1.0,35.62
1958.416,2,0,1.0,285.78
996.536,21,1,1.0,204.18
12.511,0,0,1.0,40.3
876.105,5,0,0.3,186.94
19.843,7,0,1.0,53.19
21.103,12,0,0.3,54.25
14.083,19,1,0.7,54.65
14.625,21,1,0.7,55.24
173.397,1,0,0.3,121.48
13.988,14,0,0.7,39.02
9.925,4,0,0.3,34.64
12.44,5,0,0.7,41.5
1.512,17,1,1.0,14.24
917.799,0,0,0.9,209.65
495.946,0,0,1.0,153.81
1449.857,12,0,0.9,222.36
431.873,5,0,0.9,115.44
20.876,11,1,1.0,76.64
27.278,16,0,0.7,60.03
1360.801,8,1,1.0,232.7
11.449,5,0,0.7,34.52
24.647,13,0,1.0,50.33
1671.048,0,0,0.7,279.37
15.098,0,0,1.0,36.72
524.968,9,1,0.9,131.57
1250.961,10,1,1.0,198.97
1998.45,6,0,1.0,286.02
498.981,13,0,0.7,158.15
11.329,20,1,1.0,45.91
10.695,13,0,0.7,34.01
18.648,21,1,0.7,69.59
2294.274,12,0,1.0,312.47
1744.123,4,0,0.7,331.12
12.378,16,0,0.3,40.66
20.732,9,1,0.3,79.51
26.871,20,1,1.0,83.36
15.998,18,1,0.3,71.59
21.67,8,1,0.3,79.2
17.0,3,0,0.3,51.12
14.935,15,0,0.3,40.97
9.677,0,0,1.0,31.56
20.387,23,0,0.7,52.04
14.533,2,0,1.0,42.39
8.326,9,1,0.9,33.32
369.61,15,0,0.7,147.69
15.0,11,1,1.0,63.78
870.354,23,0,0.7,164.72
958.905,0,0,0.7,208.56
1519.789,3,0,0.9,227.61
17.576,2,0,1.0,49.27
6.067,7,0,0.7,28.64
570.296,8,1,0.9,150.2
10.289,16,0,1.0,33.2
8.643,2,0,1.0,26.33
18.854,2,0,0.9,52.44
12.253,7,0,1.0,39.38
1558.206,2,0,0.7,266.55
11.446,2,0,0.3,39.97
13.618,5,0,1.0,32.0
10.359,13,0,0.7,38.01
1458.516,0,0,1.0,239.42
12.601,1,0,0.7,37.77
22.116,6,0,0.3,59.5
22.185,2,0,0.3,64.89
6.44,17,1,1.0,34.07
627.807,0,0,0.7,134.6
19.685,8,1,0.3,78.15
489.321,3,0,1.0,156.96
1534.614,23,0,0.7,225.08
433.958,3,0,0.7,137.16
15.965,7,0,1.0,38.43
11.596,9,1,1.0,43.54
16.784,21,1,0.7,59.92
22.621,15,0,0.7,56.66
624.241,5,0,1.0,129.74
510.269,18,1,0.7,126.42
1333.217,11,1,0.7,256.53
7.869,0,0,1.0,28.25
32.108,22,0,1.0,79.83
14.194,17,1,0.7,58.48
1368.727,0,0,1.0,212.85
1896.788,10,1,1.0,280.52
11.912,7,0,0.3,35.41
9.036,6,0,1.0,25.19
12.591,8,1,0.7,50.56
1747.426,8,1,1.0,281.18
15.957,21,1,0.9,55.27
15.753,7,0,0.3,47.31
11.986,1,0,0.3,39.62
15.704,14,0,1.0,48.65
6.25,15,0,1.0,21.82
28.869,22,0,1.0,67.01
458.642,8,1,0.7,148.9
414.683,20,1,0.7,135.13
1729.687,11,1,0.7,292.17
12.456,1,0,0.3,45.93
411.113,0,0,1.0,133.53
4.373,18,1,0.7,20.61
27.211,6,0,0.9,66.88
1445.688,23,0,1.0,234.19
4.964,1,0,0.3,22.77
15.218,3,0,1.0,40.04
1561.282,9,1,0.7,268.06
25.773,19,1,0.7,85.69
2.907,18,1,1.0,23.27
18.344,0,0,0.9,47.67
2315.436,15,0,0.9,370.7
4.278,11,1,1.0,23.24
1095.747,18,1,1.0,197.3
11.892,20,1,0.9,46.48
16.182,11,1,1.0,68.45
18.498,17,1,0.7,71.59
1982.662,3,0,1.0,279.44
12.38,22,0,0.7,38.19
1049.482,21,1,0.7,214.84
6.123,23,0,0.3,28.56
21.844,4,0,1.0,50.47
8.532,21,1,0.9,43.75
136.409,1,0,0.3,85.84
6.656,4,0,0.9,24.02
23.879,13,0,0.3,63.66
1669.354,1,0,0.3,297.98
16.735,11,1,0.9,64.72
872.218,1,0,1.0,195.75
25.253,11,1,0.3,113.44
15.089,16,0,0.7,37.63
1583.153,11,1,0.3,289.96
18.522,14,0,0.7,55.15
7.403,5,0,0.7,25.03
1763.777,0,0,0.7,287.74
25.122,2,0,0.7,56.91
6.59,11,1,0.3,36.14
28.314,23,0,0.7,61.2
12.07,22,0,1.0,32.75
18.13,21,1,0.3,68.99
22.656,21,1,0.9,82.03
555.105,10,1,0.7,175.25
11.515,18,1,0.3,59.43
18.766,19,1,1.0,64.58
18.635,20,1,0.7,77.52
828.838,0,0,0.7,181.34
29.881,5,0,0.3,81.32
13.641,18,1,0.9,53.15
1752.072,22,0,0.3,343.33
16.292,15,0,1.0,42.01
26.323,18,1,1.0,78.96
931.457,16,0,0.9,184.95
12.824,12,0,0.3,33.9
15.086,19,1,0.3,59.06
23.352,20,1,1.0,82.99
16.81,13,0,0.9,40.63
18.142,1,0,0.7,51.99
1367.854,6,0,1.0,218.56
8.266,0,0,0.3,27.42
1233.955,2,0,1.0,231.12
7.209,0,0,0.9,23.11
10.267,16,0,0.7,33.24
1155.804,19,1,1.0,201.07
1391.909,5,0,0.7,258.33
12.759,1,0,0.7,38.27
228.97,18,1,0.3,94.6
11.822,10,1,0.9,43.4
28.066,14,0,0.9,68.8
508.019,17,1,0.7,163.0
7.079,4,0,0.3,24.35
7.046,10,1,1.0,29.39
5.179,3,0,0.3,27.4
31.561,1,0,0.7,80.84
8.636,12,0,0.9,27.47
10.896,10,1,0.9,39.41
13.253,8,1,0.3,57.68
6.151,9,1,0.7,30.84
12.402,10,1,0.7,49.6
21.843,2,0,0.3,56.9
18.097,13,0,0.7,47.0
11.311,15,0,1.0,39.12
2315.847,14,0,0.9,367.27
17.732,19,1,1.0,65.95
18.226,7,0,0.7,46.52
4.963,7,0,0.9,19.31
25.585,21,1,1.0,78.27
2.009,12,0,0.9,16.29
9.015,9,1,1.0,34.91
1536.119,8,1,0.3,288.8
25.491,14,0,1.0,68.62
16.085,0,0,0.7,38.38
1770.315,16,0,0.9,261.39
11.667,15,0,0.7,41.0
4.32,12,0,1.0,17.09
1494.421,12,0,0.7,268.7
8.263,6,0,1.0,25.95
22.067,8,1,0.3,86.98
24.632,23,0,0.3,68.41
23.002,3,0,1.0,45.78
6.425,23,0,0.7,31.0
5.56,9,1,1.0,26.3
1444.991,21,1,0.7,258.9
12.512,1,0,0.3,37.54
14.234,9,1,1.0,51.38
1329.233,23,0,0.7,255.4
1067.094,10,1,0.9,210.88
421.417,3,0,0.7,159.97
225.42,3,0,1.0,112.17
3.078,13,0,0.7,22.14
11.176,10,1,1.0,43.79
16.235,8,1,1.0,65.76
17.849,15,0,0.7,52.47
3.164,17,1,0.7,24.73
12.576,11,1,0.3,55.05
25.747,10,1,0.7,97.94
880.419,11,1,0.7,176.37
20.162,7,0,0.7,46.69
16.852,2,0,0.7,46.07
19.672,0,0,1.0,47.25
1205.913,15,0,1.0,223.6
21.318,13,0,0.7,62.45
36.636,14,0,0.7,91.41
15.309,20,1,1.0,52.66
1093.56,19,1,0.7,235.64
882.683,21,1,1.0,186.92
25.122,8,1,1.0,83.02
1588.501,3,0,0.7,251.85
17.844,8,1,1.0,74.93
17.026,23,0,0.7,46.09
21.502,8,1,1.0,62.15
441.726,9,1,1.0,129.97
1894.204,21,1,0.7,266.98
1539.108,11,1,0.9,239.42
1534.779,5,0,0.7,244.24
499.021,22,0,0.3,159.56
21.591,3,0,0.9,43.54
11.47,1,0,0.9,34.59
9.946,12,0,1.0,37.72
17.696,7,0,0.7,41.29
14.03,0,0,1.0,35.28
21.257,16,0,0.7,55.92
1201.061,17,1,0.7,223.21
28.977,18,1,0.9,113.83
13.047,1,0,0.9,38.3
10.915,5,0,0.3,38.39
19.097,9,1,0.7,76.33
35.976,22,0,0.7,87.56
20.219,14,0,1.0,49.55
17.816,18,1,0.3,76.13
24.395,12,0,0.7,62.95
276.032,1,0,0.7,133.56
11.557,0,0,1.0,28.51
10.768,2,0,0.7,30.52
13.745,21,1,0.7,55.88
15.338,5,0,0.7,39.86
6.037,21,1,0.9,26.25
18.563,20,1,0.3,79.6
16.053,5,0,0.7,38.42
1388.228,21,1,0.9,228.45
1513.738,23,0,0.7,294.22
1537.289,3,0,1.0,278.91
1661.535,14,0,0.7,308.93
28.351,1,0,0.3,76.63
31.788,18,1,1.0,104.51
8.797,19,1,1.0,39.54
14.961,0,0,0.9,43.08
16.197,20,1,0.3,70.3
11.234,21,1,0.7,41.05
14.808,5,0,0.3,44.95
1233.391,22,0,1.0,229.06
243.858,20,1,1.0,86.38
25.925,8,1,1.0,88.31
5.172,14,0,0.9,21.42
5.997,9,1,0.7,35.91
9.662,14,0,0.9,29.58
779.012,21,1,1.0,191.68
1151.859,11,1,0.7,227.98
531.047,21,1,1.0,127.76
18.861,2,0,0.7,48.8
3.555,3,0,1.0,23.27
1474.877,2,0,0.9,280.78
20.648,6,0,0.7,50.6
18.337,6,0,1.0,54.49
29.71,22,0,0.7,74.52
25.382,16,0,1.0,62.25
19.685,4,0,0.7,44.37
9.499,19,1,0.7,39.69
4.233,21,1,0.7,20.52
9.054,0,0,0.9,27.04
32.543,15,0,0.3,90.68
1179.85,17,1,1.0,183.98
23.079,14,0,0.7,57.27
18.496,14,0,0.7,49.98
23.634,7,0,0.7,50.61
18.734,21,1,0.3,73.35
11.75,0,0,0.7,38.82
30.218,1,0,0.7,67.95
28.824,9,1,0.7,103.52
15.351,3,0,1.0,46.31
23.044,1,0,0.7,64.84
1457.667,16,0,1.0,262.81
14.676,15,0,0.3,41.63
26.048,6,0,0.7,62.26
30.939,4,0,1.0,75.85
1739.217,3,0,0.3,314.33
23.194,9,1,1.0,86.38
22.199,8,1,0.7,80.57
6.355,9,1,1.0,31.22
10.796,4,0,0.7,37.49
17.667,10,1,0.3,79.29
14.926,18,1,0.3,53.53
31.226,21,1,0.3,118.93
11.861,11,1,0.3,59.78
2.354,15,0,0.9,15.66
24.495,14,0,0.3,63.97
15.187,17,1,1.0,56.24
526.35,20,1,1.0,134.29
23.635,11,1,0.7,87.55
15.476,10,1,0.3,70.16
26.892,7,0,1.0,67.28
22.485,8,1,0.7,92.23
19.875,0,0,1.0,52.72
22.833,2,0,1.0,52.75
30.337,14,0,0.7,74.33
1984.017,13,0,1.0,279.01
966.002,15,0,0.7,200.5
2300.693,16,0,0.7,309.9
31.656,11,1,0.9,93.3
953.683,14,0,0.3,208.14
447.175,13,0,1.0,134.55
19.631,19,1,1.0,70.45
14.554,10,1,0.7,54.89
2.263,3,0,1.0,21.5
21.15,21,1,1.0,71.94
1375.237,16,0,1.0,208.36
1458.304,2,0,1.0,256.34
14.762,19,1,1.0,53.42
29.717,13,0,0.9,76.5
11.75,11,1,0.9,48.45
19.662,18,1,0.7,64.53
16.786,2,0,1.0,48.52
13.907,21,1,0.3,69.38
950.536,3,0,0.9,185.88
9.318,8,1,0.9,41.83
867.56,10,1,0.3,198.52
6.231,13,0,0.9,20.96
11.472,8,1,0.7,54.61
555.591,2,0,1.0,134.8
19.145,15,0,0.7,48.53
31.155,20,1,0.7,110.83
480.385,22,0,1.0,152.46
26.447,2,0,1.0,48.87
3.816,9,1,1.0,26.17
8.804,23,0,1.0,24.61
13.921,23,0,1.0,41.08
18.153,23,0,0.3,54.91
29.667,4,0,1.0,63.22
32.409,16,0,0.7,69.53
11.988,1,0,0.7,35.94
585.469,14,0,0.7,148.0
20.726,14,0,0.7,55.88
1991.19,6,0,0.9,301.82
17.495,7,0,1.0,48.62
9.5,16,0,0.7,30.76
16.978,13,0,0.9,50.6
20.727,13,0,0.3,56.57
1294.607,18,1,0.7,230.81
504.554,17,1,1.0,159.67
18.329,0,0,1.0,43.52
10.476,11,1,0.7,46.92
16.328,11,1,0.9,53.48
5.327,14,0,0.7,25.86
15.126,16,0,1.0,37.72
15.294,3,0,0.7,46.74
15.285,23,0,1.0,45.34
16.328,8,1,1.0,61.52
501.557,23,0,1.0,116.83
906.229,8,1,1.0,173.99
32.445,0,0,0.3,85.71
11.103,10,1,1.0,46.73
21.777,18,1,1.0,72.27
28.772,19,1,0.9,99.34
11.776,2,0,0.7,41.11
19.659,20,1,0.7,70.78
410.954,23,0,0.7,114.51
18.739,22,0,1.0,40.69
21.651,19,1,0.9,74.82
18.626,20,1,0.3,67.53
7.499,21,1,0.3,43.35
959.32,5,0,0.7,197.73
20.209,14,0,0.9,44.58
845.503,14,0,1.0,183.54
18.723,23,0,0.7,47.78
14.36,17,1,1.0,60.09
35.464,19,1,0.3,134.61
21.114,11,1,1.0,65.93
4.558,8,1,0.7,32.7
27.863,15,0,1.0,63.93
1172.535,1,0,1.0,195.91
1352.195,1,0,1.0,233.47
14.443,13,0,0.9,39.46
14.53,23,0,0.7,37.99
11.383,6,0,0.3,40.52
25.075,11,1,1.0,75.56
19.176,21,1,1.0,76.59
12.853,21,1,0.7,52.7
26.355,21,1,0.3,98.03
28.665,3,0,0.7,72.95
23.562,6,0,1.0,46.73
440.614,16,0,0.3,146.94
247.595,21,1,0.3,135.44
8.179,5,0,1.0,31.55
772.09,4,0,0.7,150.16
524.464,10,1,1.0,148.95
19.978,10,1,0.3,81.57
22.776,22,0,1.0,55.85
744.236,6,0,0.7,170.69
17.928,12,0,0.7,42.44
4.295,21,1,0.7,22.91
20.011,14,0,0.7,46.03
125.443,6,0,1.0,98.33
1460.93,11,1,1.0,257.74
13.206,18,1,0.7,55.81
21.071,9,1,0.7,74.1
25.876,23,0,0.7,73.71
1544.448,1,0,0.7,252.98
12.84,4,0,1.0,36.61
26.986,0,0,0.9,56.88
29.861,2,0,0.9,71.15
30.552,12,0,0.9,72.01
1372.662,22,0,0.7,260.77
1759.149,21,1,0.7,278.49
11.831,5,0,0.7,41.74
841.2,14,0,1.0,184.16
168.737,15,0,1.0,101.65
11.167,15,0,1.0,34.4
2075.499,16,0,0.7,364.79
29.56,7,0,0.3,71.33
11.586,13,0,0.7,34.04
12.117,13,0,0.9,33.7
9.661,18,1,1.0,40.68
23.641,18,1,0.7,90.8
16.937,10,1,1.0,59.9
20.743,21,1,1.0,73.26
9.419,20,1,0.9,46.17
281.271,4,0,1.0,118.93
0.805,13,0,0.9,12.59
27.31,18,1,1.0,90.83
23.426,1,0,0.9,58.56
884.01,3,0,0.7,190.34
945.366,7,0,0.7,173.8
20.797,1,0,0.9,56.59
1538.658,8,1,0.3,245.99
7.543,10,1,0.3,42.57
23.784,15,0,0.7,63.78
450.215,8,1,0.3,163.84
1556.081,18,1,0.7,258.69
1192.587,21,1,1.0,201.02
494.654,21,1,0.3,170.07
8.973,21,1,0.9,39.46
502.881,20,1,1.0,121.75
15.548,5,0,0.3,44.88
1494.409,21,1,0.7,265.76
502.341,9,1,0.3,160.96
20.147,16,0,1.0,48.13
2004.265,14,0,1.0,282.95
1237.813,6,0,0.9,237.32
1386.977,4,0,0.9,209.26
512.592,9,1,0.9,134.99
9.116,10,1,0.7,43.85
405.59,6,0,0.3,117.95
20.937,2,0,0.7,49.68
1977.138,7,0,1.0,319.76
26.159,4,0,0.9,69.87
461.913,6,0,0.3,163.54
11.729,15,0,0.9,38.88
1405.181,18,1,0.7,270.92
26.731,15,0,0.3,67.28
18.699,16,0,0.9,52.94
9.614,12,0,1.0,28.22
27.69,3,0,0.7,67.17
526.009,8,1,1.0,120.81
30.98,5,0,1.0,75.96
21.374,19,1,0.3,84.15
427.816,6,0,0.7,135.35
936.864,14,0,0.7,178.39
16.96,18,1,0.7,63.31
2.797,2,0,0.3,16.91
21.427,7,0,0.7,53.21
20.206,7,0,0.7,54.24
20.576,4,0,0.7,56.16
864.206,8,1,1.0,192.43
945.117,23,0,0.7,204.46
1998.209,23,0,0.7,302.14
2324.641,1,0,0.3,367.54
1294.181,7,0,0.9,213.03
27.693,21,1,0.7,102.61
16.258,11,1,0.7,60.64
7.34,11,1,0.9,32.99
14.229,6,0,0.9,33.77
19.43,19,1,0.7,67.24
856.221,0,0,1.0,167.77
28.628,15,0,1.0,63.91
5.176,16,0,0.9,26.29
17.524,19,1,1.0,59.64
26.429,9,1,0.9,84.83
1931.446,10,1,0.7,287.69
23.487,15,0,1.0,58.22
515.46,14,0,0.7,137.89
0.62,0,0,0.7,16.88
27.646,0,0,0.7,70.53
862.219,11,1,0.7,203.43
1748.259,18,1,0.7,298.83
859.882,16,0,0.3,186.53
27.184,3,0,0.7,67.88
22.249,7,0,0.3,64.24
1080.473,2,0,0.7,182.99
17.884,8,1,0.7,69.57
919.494,18,1,1.0,206.83
12.676,1,0,0.9,36.88
6.208,11,1,1.0,34.01
19.061,13,0,1.0,46.5
17.95,1,0,0.3,59.69
18.955,4,0,0.3,57.12
13.957,7,0,0.7,45.74
14.793,22,0,0.3,50.89
3.54,9,1,0.9,26.66
8.734,12,0,0.3,31.14
134.128,5,0,0.3,111.12
629.186,9,1,0.7,140.92
2.47,0,0,0.3,22.61
24.633,0,0,0.9,69.15
441.276,4,0,1.0,119.91
27.898,16,0,1.0,68.4
23.249,23,0,0.7,56.28
30.287,5,0,0.9,70.59
1082.211,20,1,0.9,200.88
13.056,11,1,1.0,44.69
1580.811,20,1,0.9,286.68
25.496,5,0,1.0,65.23
107.087,23,0,0.7,95.59
23.503,12,0,0.9,51.23
22.868,16,0,1.0,58.71
29.288,15,0,1.0,65.66
19.473,0,0,0.7,51.31
17.349,6,0,1.0,40.81
20.157,13,0,1.0,48.84
21.432,1,0,1.0,49.33
434.844,7,0,0.7,136.08
4.63,8,1,1.0,22.32
7.961,23,0,0.9,29.33
5.429,11,1,0.7,27.31
5.175,16,0,0.7,26.27
20.337,21,1,0.7,85.71
19.482,5,0,0.7,52.29
1245.274,0,0,1.0,220.73
14.111,5,0,0.7,40.62
5.649,21,1,1.0,28.71
17.836,15,0,0.7,45.19
28.217,17,1,0.3,116.22
867.978,7,0,0.7,189.58
7.406,7,0,0.7,30.43
18.172,13,0,0.9,47.25
443.405,23,0,0.7,119.23
20.87,17,1,1.0,70.22
1074.664,10,1,0.7,233.54
27.646,13,0,1.0,64.79
5.37,21,1,1.0,30.88
166.413,19,1,0.3,125.62
31.325,9,1,0.7,109.25
19.7,1,0,0.9,47.41
1884.39,15,0,0.9,296.93
25.985,10,1,1.0,81.75
512.068,23,0,1.0,136.5
24.049,23,0,0.9,59.9
25.24,2,0,0.9,64.41
33.899,14,0,1.0,74.97
26.569,8,1,1.0,104.33
28.897,10,1,0.7,93.87
1756.396,10,1,1.0,283.73
17.221,8,1,0.7,67.1
622.525,9,1,1.0,173.24
787.148,10,1,0.7,168.05
18.807,12,0,0.3,54.01
7.207,0,0,0.7,28.9
13.07,7,0,1.0,39.72
20.07,10,1,1.0,70.5
12.983,7,0,1.0,36.31
12.495,15,0,0.9,36.06
16.643,10,1,0.7,71.26
30.611,11,1,0.7,115.34
897.399,0,0,0.9,198.41
1557.39,17,1,0.7,228.61
7.604,23,0,0.7,24.56
10.435,0,0,0.7,28.63
19.16,2,0,0.9,43.89
30.402,22,0,0.7,79.33
610.425,16,0,0.7,146.79
10.041,13,0,0.7,36.84
27.931,18,1,0.7,113.24
11.128,9,1,0.7,49.0
25.913,17,1,0.9,88.01
494.777,21,1,0.3,148.56
14.944,21,1,1.0,57.11
18.31,12,0,0.7,51.67
1567.537,19,1,0.7,291.71
5.731,2,0,1.0,17.92
112.335,1,0,0.9,119.18
28.46,11,1,1.0,96.38
514.234,4,0,1.0,126.68
29.783,19,1,0.7,106.15
16.834,15,0,1.0,36.73
2314.806,3,0,0.7,351.85
131.002,7,0,0.9,83.07
19.841,21,1,1.0,63.53
6.526,15,0,0.7,25.13
14.882,13,0,0.3,40.44
2.749,1,0,1.0,15.56
3.45,20,1,0.3,20.47
26.067,21,1,0.7,95.69
549.695,17,1,0.9,118.51
17.3,10,1,0.7,62.73
26.667,5,0,1.0,62.84
6.961,11,1,0.3,33.94
1745.535,1,0,0.7,260.11
12.624,22,0,0.7,36.23
13.379,3,0,1.0,34.03
7.329,4,0,0.3,31.01
946.935,1,0,0.9,218.17
11.733,22,0,0.7,30.81
5.065,18,1,0.9,31.71
31.01,3,0,0.9,71.62
18.046,7,0,1.0,37.46
17.528,4,0,1.0,44.59
28.122,8,1,0.7,104.05
12.901,21,1,0.9,50.88
5.5,23,0,1.0,25.52
600.604,8,1,1.0,157.44
17.837,9,1,0.3,73.91
17.304,21,1,0.7,60.41
13.281,19,1,1.0,53.38
24.385,16,0,0.3,59.88
25.463,8,1,0.3,97.32
32.601,5,0,0.9,72.11
21.334,16,0,0.9,54.54
29.242,9,1,0.3,103.6
1374.202,11,1,1.0,233.39
4.954,11,1,0.7,27.68
15.217,6,0,1.0,39.78
12.118,15,0,0.3,35.48
12.344,10,1,1.0,44.55
20.899,8,1,0.7,96.45
18.733,19,1,0.9,64.19
27.162,18,1,0.9,93.79
28.213,15,0,1.0,62.97
20.848,1,0,0.3,58.82
33.367,3,0,1.0,62.05
10.407,21,1,0.7,43.88
17.867,16,0,0.7,43.83
8.764,12,0,0.7,31.23
34.801,7,0,0.3,95.43
17.167,23,0,0.3,61.13
282.511,1,0,0.7,110.69
1200.968,4,0,0.9,228.64
8.677,6,0,0.3,28.97
1954.408,5,0,0.7,262.96
756.935,21,1,0.7,191.28
373.477,10,1,1.0,137.67
31.791,1,0,1.0,73.69
15.987,3,0,0.3,46.2
13.346,4,0,0.9,41.2
11.225,21,1,1.0,46.05
7.399,13,0,0.7,32.11
4.453,16,0,0.7,26.37
13.094,12,0,0.7,41.21
11.296,8,1,1.0,40.32
123.833,12,0,0.3,113.98
1321.253,18,1,0.9,223.1
11.222,18,1,0.9,47.48
26.09,23,0,0.7,65.03
4.815,17,1,1.0,26.29
14.895,13,0,0.7,43.39
10.176,11,1,0.3,42.8
22.686,23,0,0.7,55.86
21.994,19,1,1.0,75.74
16.946,14,0,1.0,43.65
1991.913,4,0,1.0,330.74
22.078,22,0,0.7,57.38
1967.744,17,1,1.0,276.47
12.678,5,0,1.0,32.04
2001.008,21,1,1.0,278.7
23.36,11,1,0.7,89.1
20.063,11,1,1.0,76.73
13.646,8,1,0.7,56.86
24.145,1,0,1.0,57.27
21.058,13,0,0.7,56.74
1362.72,14,0,0.7,272.65
1179.737,9,1,1.0,232.6
20.178,6,0,0.7,52.13
27.528,4,0,1.0,65.36
13.198,16,0,0.9,33.91
498.174,10,1,0.3,144.02
20.573,2,0,0.7,52.5
6.25,9,1,0.7,32.07
17.795,21,1,1.0,72.42
8.715,20,1,0.7,37.82
17.992,9,1,1.0,59.66
3.855,12,0,1.0,21.96
35.044,22,0,1.0,83.29
5.915,7,0,0.3,23.31
17.316,14,0,0.7,44.24
23.277,1,0,1.0,51.88
26.534,10,1,0.9,90.85
1148.869,10,1,0.7,189.68
6.12,10,1,0.3,34.4
31.017,22,0,1.0,84.86
26.225,5,0,1.0,65.9
33.157,15,0,0.9,71.87
7.013,4,0,0.9,28.57
19.311,2,0,0.7,54.96
12.394,15,0,0.3,42.25
25.729,16,0,1.0,62.55
15.306,18,1,1.0,56.53
9.298,6,0,0.9,32.14
15.047,17,1,0.9,48.29
8.533,11,1,1.0,32.82
24.314,15,0,0.3,65.38
17.64,18,1,1.0,58.35
17.739,5,0,0.7,53.56
500.936,21,1,0.3,134.43
4.712,21,1,0.3,25.73
22.027,10,1,1.0,75.53
1091.607,8,1,1.0,214.46
38.241,9,1,0.3,154.56
28.058,4,0,1.0,63.06
31.786,18,1,0.3,121.67
11.704,7,0,0.9,35.69
1383.891,15,0,1.0,249.35
613.071,0,0,1.0,134.82
7.074,2,0,1.0,27.36
23.496,12,0,1.0,48.78
11.929,1,0,0.7,35.93
118.741,0,0,0.3,81.66
25.902,20,1,0.9,75.16
24.319,11,1,0.7,92.71
1197.242,15,0,0.9,187.93
23.691,14,0,1.0,55.61
22.651,8,1,0.9,71.07
2.825,10,1,0.9,22.87
25.741,16,0,1.0,53.58
18.028,7,0,1.0,47.72
27.342,1,0,1.0,63.4
15.147,12,0,0.7,41.37
3.318,10,1,0.7,22.74
14.362,18,1,0.7,54.9
18.677,15,0,0.9,46.18
13.79,8,1,1.0,59.85
29.791,15,0,0.7,73.02
1478.706,17,1,0.7,255.34
28.373,17,1,0.3,112.24
25.242,9,1,0.9,84.55
931.534,6,0,1.0,199.05
15.943,0,0,1.0,45.5
1773.476,4,0,1.0,280.26
16.692,17,1,0.3,66.59
7.88,13,0,1.0,30.93
22.55,2,0,0.7,53.45
24.642,10,1,0.7,82.55
1247.219,6,0,0.7,236.47
21.186,7,0,0.9,48.45
867.51,7,0,0.3,210.07
1567.705,21,1,0.3,310.5
14.975,2,0,0.9,42.85
4.51,10,1,0.7,23.11
22.759,6,0,0.7,60.99
13.32,7,0,0.3,41.85
1091.106,22,0,0.7,198.48
22.595,19,1,0.3,74.15
20.244,20,1,0.7,71.32
19.257,11,1,1.0,72.05
35.487,2,0,0.3,79.52
1139.431,7,0,1.0,216.07
1919.912,1,0,0.3,314.41
505.247,20,1,0.3,125.98
10.769,5,0,0.3,36.45
951.931,1,0,1.0,217.62
773.727,17,1,0.9,173.82
32.193,17,1,1.0,108.83
15.348,5,0,0.7,37.77
997.272,9,1,0.3,192.74
2.775,14,0,0.7,17.7
19.872,7,0,0.7,51.94
8.067,7,0,0.7,26.8
1175.999,11,1,0.9,245.18
3.236,14,0,0.9,19.73
16.29,14,0,0.9,43.13
829.443,9,1,1.0,167.99
366.102,9,1,0.3,119.03
5.696,15,0,0.9,23.27
20.834,4,0,0.7,59.34
17.015,19,1,1.0,53.16
497.542,7,0,1.0,144.15
24.247,15,0,1.0,54.87
1.928,4,0,0.3,19.44
23.58,10,1,1.0,74.62
1033.898,7,0,0.7,172.91
12.032,2,0,0.9,32.85
5.439,18,1,0.7,28.32
27.536,2,0,1.0,59.61
21.433,3,0,0.7,55.91
15.272,10,1,0.7,62.98
29.46,21,1,0.3,113.3
457.836,13,0,0.7,159.0
6.407,3,0,1.0,20.96
920.801,19,1,1.0,163.8
1916.396,14,0,0.3,308.81
599.053,14,0,0.3,192.19
10.218,4,0,0.7,36.02
1757.266,12,0,1.0,265.54
9.758,8,1,0.7,46.79
12.605,20,1,1.0,46.97
27.302,21,1,1.0,96.9
26.683,11,1,1.0,79.84
25.985,21,1,0.7,81.47
1764.199,9,1,0.7,268.82
4.078,11,1,0.7,31.58
1349.381,18,1,1.0,267.48
13.999,10,1,1.0,56.44
1595.717,17,1,0.7,282.66
6.519,7,0,1.0,23.76
26.551,10,1,0.9,83.13
17.373,9,1,0.7,56.09
436.518,8,1,0.7,138.18
15.965,23,0,0.9,39.86
24.655,16,0,0.9,63.12
1.547,14,0,0.9,20.01
12.683,22,0,1.0,39.8
12.074,13,0,0.3,41.98
14.708,20,1,0.3,69.64
18.883,14,0,0.9,54.99
17.816,19,1,1.0,68.35
12.049,17,1,1.0,52.82
1382.167,5,0,0.9,213.96
776.363,5,0,0.7,186.72
17.776,5,0,0.7,53.24
20.161,1,0,0.7,47.73
1520.452,15,0,0.7,231.33
6.376,5,0,0.7,28.61
15.978,15,0,0.9,40.67
19.209,18,1,1.0,76.18
23.161,17,1,0.9,77.94
32.003,1,0,0.7,78.74
1625.397,13,0,1.0,246.54
27.091,14,0,0.3,78.65
15.204,17,1,0.7,61.65
1475.671,16,0,1.0,215.06
17.592,13,0,0.7,47.2
17.824,21,1,0.7,65.66
1677.505,20,1,1.0,273.5
29.257,1,0,0.3,69.82
1590.612,0,0,0.7,285.17
13.0,11,1,1.0,42.44
8.599,9,1,1.0,39.29
24.202,18,1,0.7,81.43
23.726,8,1,0.7,89.47
360.732,1,0,0.7,135.53
1641.76,8,1,0.7,240.0
12.893,0,0,1.0,34.13
10.354,1,0,0.7,36.9
1568.161,11,1,0.7,287.75
14.923,23,0,0.7,47.83
1.182,12,0,1.0,18.88
446.484,18,1,1.0,121.32
153.05,16,0,0.3,88.02
25.609,0,0,0.3,67.97
23.619,1,0,1.0,51.21
16.796,2,0,1.0,42.14
18.483,6,0,0.7,50.58
549.249,4,0,0.9,129.72
6.646,8,1,0.3,39.47
600.477,22,0,1.0,159.53
13.245,4,0,0.9,36.83
12.31,22,0,1.0,36.99
17.712,13,0,1.0,45.87
11.335,12,0,0.9,31.92
25.221,0,0,0.3,59.73
24.723,7,0,0.3,71.78
1615.577,8,1,0.3,328.89
1564.499,4,0,1.0,272.17
1580.076,16,0,0.7,289.74
9.649,14,0,1.0,28.87
9.329,16,0,0.7,28.68
27.066,10,1,0.7,79.48
1369.846,8,1,0.7,266.27
18.402,12,0,1.0,46.64
1207.843,15,0,0.9,249.38
15.649,2,0,0.3,52.35
12.35,0,0,0.7,34.99
5.515,21,1,1.0,25.9
7.506,13,0,1.0,26.86
1588.263,23,0,0.7,284.76
22.135,18,1,0.7,73.48
15.148,7,0,0.7,38.86
11.949,13,0,1.0,30.37
1358.373,23,0,0.9,207.85
18.201,6,0,0.9,48.05
9.758,15,0,0.7,28.63
24.281,5,0,0.9,52.71
941.801,16,0,0.3,209.94
21.742,11,1,0.7,77.72
2301.334,11,1,0.7,341.71
18.422,7,0,0.7,52.89
1656.77,1,0,0.7,232.75
1771.031,15,0,0.9,291.28
9.791,1,0,1.0,32.91
23.956,10,1,1.0,90.83
27.392,11,1,1.0,84.55
15.264,22,0,0.3,43.4
30.061,3,0,0.9,59.74
24.132,5,0,0.3,67.1
1610.8,8,1,0.3,261.7
22.509,10,1,0.9,86.38
1898.794,11,1,1.0,301.58
7.448,8,1,1.0,35.51
11.549,9,1,0.7,52.24
17.482,19,1,1.0,73.13
924.816,4,0,0.7,168.49
15.729,22,0,0.7,45.66
13.946,12,0,0.3,44.24
1485.508,16,0,1.0,253.18
18.483,11,1,1.0,73.25
14.441,13,0,1.0,33.47
28.124,12,0,0.7,60.7
2001.399,18,1,1.0,294.38
31.54,22,0,0.9,74.44
21.972,18,1,0.3,84.65
28.48,22,0,0.7,60.7
1589.545,14,0,0.7,274.3
13.984,10,1,0.9,60.36
1068.838,2,0,0.7,188.99
1587.237,7,0,0.7,239.71
18.035,3,0,1.0,39.44
14.24,21,1,0.9,54.2
27.209,11,1,0.7,77.58
4.09,18,1,0.7,21.64
22.845,4,0,0.7,66.04
17.662,2,0,0.7,47.55
24.86,3,0,0.7,56.34
13.196,1,0,0.7,37.96
13.988,10,1,1.0,56.02
19.567,2,0,0.9,49.92
29.856,9,1,0.9,108.27
22.674,3,0,1.0,61.7
25.034,13,0,1.0,61.09
1147.594,18,1,1.0,165.79
5.7,18,1,1.0,31.79
18.671,23,0,0.7,55.35
21.347,10,1,0.9,76.16
5.498,19,1,0.7,27.12
1353.012,0,0,0.3,248.49
11.419,18,1,0.3,49.85
19.305,6,0,0.3,58.19
27.679,18,1,0.9,98.78
355.918,2,0,0.7,129.55
1155.411,11,1,0.9,203.05
7.677,20,1,0.7,38.09
24.526,8,1,0.7,84.51
506.673,5,0,1.0,113.72
13.017,5,0,1.0,39.39
11.659,18,1,0.9,45.26
1748.685,23,0,0.3,277.59
239.115,23,0,0.9,128.49
20.186,15,0,1.0,47.77
8.079,19,1,1.0,37.46
1352.012,18,1,0.7,243.8
24.05,16,0,0.7,61.69
15.741,1,0,1.0,41.46
14.151,23,0,1.0,41.51
18.004,17,1,0.7,73.14
4.582,6,0,0.9,22.96
544.046,21,1,0.3,176.46
1575.448,13,0,1.0,228.97
16.873,13,0,0.7,57.93
4.966,0,0,0.7,18.74
28.262,4,0,1.0,70.66
26.254,10,1,0.7,93.63
2.067,11,1,1.0,15.23
29.517,0,0,1.0,75.94
4.303,1,0,0.9,23.55
946.492,19,1,0.9,200.6
6.09,12,0,0.7,22.57
25.943,4,0,1.0,61.56
240.911,4,0,0.3,136.21
21.881,13,0,0.3,55.82
12.125,11,1,1.0,44.11
1370.311,18,1,0.7,197.31
12.208,2,0,0.7,36.72
12.991,7,0,0.9,37.62
32.547,11,1,0.3,123.18
751.425,21,1,0.7,174.18
1950.546,3,0,0.9,295.24
9.091,23,0,0.9,33.68
1348.528,10,1,1.0,226.08
1.24,15,0,0.3,16.93
21.21,14,0,0.7,44.02
6.472,11,1,1.0,25.27
1583.899,13,0,0.7,275.78
294.799,12,0,0.7,112.16
17.23,5,0,1.0,42.99
4.764,10,1,1.0,26.38
13.079,22,0,1.0,35.19
26.355,4,0,0.7,62.02
19.757,21,1,1.0,69.17
19.933,2,0,0.7,52.21
24.976,5,0,0.7,62.67
1515.689,20,1,1.0,274.42
9.736,3,0,1.0,32.35
1379.619,9,1,0.7,245.18
3.421,1,0,0.7,17.51
24.111,12,0,0.7,63.5
544.72,9,1,1.0,155.0
28.452,11,1,0.9,86.41
30.906,15,0,1.0,67.66
7.595,10,1,0.7,42.7
7.541,14,0,0.7,24.89
9.982,6,0,0.9,24.44
8.766,11,1,1.0,34.04
18.152,13,0,1.0,46.41
543.182,18,1,0.3,146.86
1323.126,23,0,0.7,262.71
1365.567,5,0,0.7,251.11
4.389,22,0,0.3,26.93
3.894,9,1,0.7,22.8
916.745,13,0,1.0,172.77
1569.479,15,0,0.7,297.86
2.481,0,0,0.3,16.93
8.616,5,0,1.0,26.51
15.247,1,0,0.9,38.44
8.335,6,0,1.0,27.47
2.636,4,0,0.9,20.7
1302.373,2,0,1.0,218.76
13.174,5,0,1.0,38.23
8.74,2,0,1.0,30.37
1585.257,9,1,0.7,255.16
1765.586,7,0,0.7,294.61
1464.929,12,0,0.9,239.99
19.071,4,0,1.0,44.66
1077.723,1,0,0.3,192.27
289.766,8,1,0.3,125.42
7.37,7,0,0.7,23.58
15.535,1,0,0.3,42.21
1586.41,18,1,0.7,227.3
31.077,18,1,0.9,91.31
1994.287,14,0,1.0,325.65
24.334,20,1,1.0,74.85
15.949,8,1,0.7,57.75
8.327,8,1,0.7,40.34
21.068,21,1,0.3,92.97
16.879,22,0,0.7,46.98
17.497,18,1,0.9,60.44
18.83,1,0,1.0,43.89
23.692,13,0,0.9,62.34
19.903,12,0,1.0,54.09
14.804,16,0,0.3,44.51
1607.468,16,0,0.7,254.51
6.235,6,0,0.9,23.2
864.754,2,0,0.7,186.83
24.038,6,0,1.0,64.94
416.24,20,1,1.0,121.67
7.703,14,0,1.0,26.43
766.598,4,0,1.0,147.58
15.759,14,0,1.0,44.52
934.1,4,0,1.0,145.91
18.406,4,0,0.3,53.93
1587.754,14,0,0.9,263.06
20.336,17,1,0.9,73.64
1339.228,5,0,1.0,215.9
1359.531,2,0,1.0,205.21
13.697,15,0,1.0,37.44
957.732,8,1,1.0,211.56
19.39,12,0,0.7,48.45
12.245,1,0,1.0,33.85
26.368,13,0,0.7,59.66
490.849,13,0,0.9,164.64
3.172,22,0,1.0,17.01
15.489,11,1,0.7,60.75
1105.626,7,0,0.9,190.54
20.156,19,1,1.0,79.61
23.784,10,1,0.7,89.37
830.939,6,0,0.7,158.6
550.804,23,0,0.7,156.7
17.653,21,1,0.3,71.57
24.636,5,0,0.7,61.18
26.893,7,0,0.7,59.21
17.118,9,1,0.7,70.47
528.867,5,0,1.0,122.42
13.648,7,0,0.3,44.1
20.003,3,0,0.3,63.94
27.622,1,0,0.7,72.45
9.521,22,0,0.9,31.68
22.488,5,0,1.0,55.86
1743.657,8,1,1.0,257.86
26.913,20,1,0.7,93.3
14.613,17,1,0.9,52.62
22.421,16,0,1.0,51.42
25.549,10,1,1.0,86.14
587.717,22,0,0.7,176.23
911.61,16,0,1.0,170.47
6.073,15,0,0.3,25.09
3.489,22,0,0.7,23.04
24.825,14,0,1.0,59.15
621.179,19,1,0.9,159.14
4.366,13,0,0.7,26.0
21.711,6,0,0.9,54.9
30.697,16,0,0.7,75.15
8.14,4,0,0.7,33.96
0.914,15,0,0.7,19.3
12.707,4,0,0.9,40.36
615.915,8,1,1.0,128.25
4.259,7,0,0.7,24.11
16.622,0,0,0.3,52.12
513.318,20,1,0.7,129.67
6.972,13,0,0.7,22.76
26.931,17,1,0.7,91.63
1487.914,11,1,0.3,267.51
22.549,13,0,0.3,55.85
15.27,5,0,1.0,37.49
12.396,9,1,0.3,47.21
1175.776,20,1,0.7,206.38
12.078,13,0,1.0,38.83
18.845,16,0,0.7,49.57
21.147,2,0,1.0,45.1
23.743,7,0,0.7,56.26
1936.038,6,0,0.9,322.66
16.506,22,0,0.9,39.74
10.022,13,0,0.7,32.48
18.077,6,0,1.0,47.82
21.793,3,0,0.9,55.27
245.385,21,1,1.0,94.33
971.712,11,1,0.7,181.1
23.09,6,0,1.0,52.3
7.242,6,0,0.3,29.09
23.194,10,1,0.9,84.72
1165.939,15,0,1.0,203.41
24.963,17,1,1.0,85.57
18.853,19,1,0.7,74.36
8.247,2,0,1.0,28.78
3.1,0,0,0.7,21.83
29.258,16,0,0.7,67.78
17.443,10,1,0.7,74.44
929.295,18,1,0.7,173.87
362.758,3,0,0.3,141.21
511.075,20,1,1.0,115.6
7.69,20,1,0.7,42.56
24.971,23,0,0.7,61.78
1582.909,23,0,1.0,237.48
18.284,4,0,0.9,45.99
16.506,17,1,0.9,59.81
1978.429,16,0,1.0,275.37
1251.585,22,0,1.0,214.58
22.579,18,1,1.0,80.22
16.218,19,1,0.9,60.9
15.231,14,0,0.9,43.27
502.862,11,1,0.3,122.21
18.828,19,1,1.0,61.59
1662.831,16,0,0.7,263.47
417.141,23,0,1.0,139.89
4.989,17,1,0.7,25.74
24.394,22,0,0.7,57.96
13.32,17,1,1.0,42.5
3.228,22,0,0.9,21.75
10.582,19,1,0.7,49.13
121.65,7,0,0.3,111.06
30.389,16,0,1.0,71.04
7.394,21,1,0.3,36.53
6.258,10,1,0.3,37.09
13.219,0,0,0.9,38.24
1602.8,0,0,0.7,297.02
14.767,20,1,1.0,56.25
1447.725,9,1,0.7,247.16
278.867,9,1,1.0,127.85
1186.391,15,0,0.7,217.57
29.59,19,1,0.7,105.26
960.393,10,1,0.9,183.54
1.908,21,1,0.7,15.21
16.102,22,0,1.0,44.15
13.523,11,1,1.0,44.05
493.367,15,0,0.9,149.08
913.601,17,1,0.7,160.96
21.045,2,0,0.3,65.19
8.461,21,1,0.3,49.15
12.066,5,0,0.3,36.2
10.843,19,1,1.0,43.72
14.964,1,0,0.3,38.82
11.67,20,1,0.7,39.92
18.912,6,0,1.0,46.49
1628.944,13,0,0.3,277.41
6.615,3,0,0.3,28.98
23.627,12,0,0.7,65.81
12.896,0,0,0.3,37.22
1088.935,23,0,0.3,216.2
1082.777,15,0,1.0,177.32
1578.47,1,0,1.0,249.62
21.612,7,0,1.0,45.92
31.165,9,1,0.7,97.54
24.297,15,0,0.9,59.32
21.779,23,0,1.0,39.64
19.367,3,0,0.9,43.27
882.338,10,1,0.7,213.44
1462.113,3,0,0.7,241.45
5.771,21,1,0.7,26.56
10.446,1,0,0.7,29.03
15.198,0,0,1.0,44.93
251.19,20,1,1.0,121.04
13.886,3,0,1.0,42.76
9.867,23,0,1.0,31.24
981.924,14,0,0.9,172.28
27.573,9,1,1.0,92.6
406.753,7,0,1.0,127.06
3.957,2,0,1.0,20.4
27.129,10,1,0.3,101.96
23.472,5,0,0.9,55.46
12.271,17,1,0.7,47.55
6.599,16,0,1.0,23.05
11.154,4,0,1.0,31.77
15.775,19,1,1.0,54.75
24.498,11,1,0.7,80.57
29.902,18,1,1.0,82.93
22.003,4,0,0.7,57.66
12.584,6,0,1.0,36.06
593.381,1,0,0.7,144.6
24.593,5,0,0.7,69.86
898.722,18,1,0.9,161.76
12.369,9,1,0.7,46.76
14.172,18,1,1.0,57.07
29.051,9,1,1.0,105.6
501.303,1,0,0.9,127.75
504.057,10,1,0.3,162.49
12.637,8,1,1.0,54.89
13.055,14,0,0.7,39.55
6.707,15,0,1.0,23.08
22.245,15,0,0.7,61.51
866.1,23,0,0.7,161.6
33.3,7,0,0.3,86.03
21.998,16,0,1.0,57.61
28.724,3,0,0.9,70.61
17.88,5,0,0.7,50.96
16.45,0,0,1.0,41.63
10.18,22,0,0.7,33.59
1940.109,14,0,0.7,274.75
10.729,13,0,1.0,32.2
34.215,7,0,1.0,78.2
28.97,5,0,0.7,70.23
10.889,4,0,0.7,39.42
24.779,12,0,0.3,66.52
506.947,12,0,0.9,130.89
1036.589,15,0,1.0,207.04
20.658,1,0,1.0,50.76
16.457,12,0,0.3,43.26
19.064,15,0,0.3,54.26
11.268,10,1,0.3,46.92
3.71,15,0,1.0,17.42
19.418,14,0,1.0,45.28
628.603,8,1,0.7,150.33
22.398,17,1,0.3,83.86
10.198,14,0,1.0,28.46
23.062,7,0,1.0,56.14
1650.569,2,0,1.0,272.24
11.625,17,1,1.0,52.1
13.221,19,1,0.7,52.84
1581.07,0,0,0.7,233.07
153.679,14,0,0.3,83.64
6.211,2,0,0.3,22.95
26.118,15,0,1.0,57.79
945.738,4,0,1.0,178.25
15.815,19,1,0.7,62.6
1326.417,17,1,1.0,231.39
25.366,11,1,0.9,72.64
30.534,15,0,0.7,67.7
19.114,1,0,0.3,52.83
1367.397,12,0,0.7,230.33
8.914,8,1,1.0,34.25
7.778,16,0,0.7,33.35
9.904,11,1,0.3,42.91
1.735,0,0,0.7,15.64
951.056,10,1,1.0,180.14
507.794,20,1,1.0,130.67
1182.126,5,0,0.3,261.47
13.256,8,1,0.7,54.63
939.876,15,0,0.7,199.47
483.225,0,0,0.7,168.7
25.169,7,0,0.3,69.83
1910.409,5,0,1.0,310.03
19.005,12,0,0.3,57.82
905.525,5,0,1.0,153.36
16.075,9,1,0.7,57.04
1146.379,6,0,0.9,214.93
7.201,19,1,0.7,27.36
19.716,16,0,1.0,46.51
1183.446,4,0,0.9,211.93
24.27,1,0,0.7,56.48
34.727,23,0,1.0,85.48
31.309,8,1,0.9,104.53
845.299,5,0,1.0,168.69
1478.728,1,0,0.9,243.1
22.4,4,0,1.0,55.45
19.052,13,0,0.7,52.2
20.379,14,0,0.7,44.94
14.276,22,0,0.7,40.79
13.147,21,1,0.7,54.23
22.432,12,0,0.3,68.18
12.482,7,0,1.0,39.52
2089.278,12,0,1.0,286.77
224.987,16,0,1.0,126.15
7.887,21,1,1.0,34.18
16.139,11,1,0.3,64.05
17.178,15,0,1.0,43.66
28.403,13,0,0.3,71.81
14.719,19,1,1.0,53.17
22.133,15,0,1.0,51.57
16.709,15,0,1.0,45.76
9.401,6,0,0.3,29.4
19.595,6,0,1.0,49.06
1376.059,2,0,0.9,267.02
20.742,7,0,0.9,58.85
29.854,0,0,0.7,68.21
15.078,19,1,0.3,63.77
17.569,19,1,0.7,71.26
20.156,7,0,1.0,43.3
22.16,12,0,0.9,55.87
7.924,5,0,0.7,24.06
1452.709,13,0,1.0,227.98
15.008,2,0,1.0,41.23
14.158,19,1,0.9,54.32
11.853,16,0,0.7,33.14
5.694,21,1,1.0,26.88
8.215,4,0,1.0,31.81
1508.679,2,0,0.7,264.96
11.596,9,1,0.7,49.01
16.431,12,0,1.0,40.57
25.814,12,0,0.7,69.05
16.075,6,0,0.7,47.92
25.533,20,1,1.0,79.43
1187.183,5,0,0.9,212.79
11.582,0,0,0.7,31.97
15.07,16,0,0.3,41.26
9.125,13,0,0.9,26.95
1393.92,8,1,0.9,249.76
4.726,7,0,1.0,17.88
26.143,9,1,0.7,92.03
13.03,19,1,0.3,57.96
431.526,1,0,0.7,130.86
1323.895,3,0,0.7,218.05
9.92,10,1,1.0,38.02
35.059,0,0,0.3,94.24
12.528,17,1,0.7,53.51
10.674,23,0,0.3,34.24
21.651,8,1,0.7,77.01
502.05,7,0,1.0,126.38
16.199,20,1,0.7,61.5
17.657,17,1,0.3,71.23
11.897,12,0,0.9,41.3
19.405,16,0,0.7,49.73
3.295,11,1,0.3,22.3
24.052,21,1,0.7,88.32
28.913,18,1,0.7,106.27
7.532,4,0,1.0,31.42
9.614,14,0,0.7,29.57
24.386,15,0,1.0,58.1
15.303,9,1,1.0,59.07
11.807,1,0,0.3,36.91
12.531,2,0,1.0,33.38
7.786,5,0,0.9,28.84
1131.552,17,1,0.3,249.93
2.473,0,0,0.7,21.35
12.145,2,0,1.0,30.69
14.5,9,1,0.7,60.92
18.818,18,1,0.3,69.73
434.146,10,1,0.3,126.33
18.691,10,1,1.0,61.38
16.64,20,1,0.7,64.32
37.89,2,0,0.7,88.08
20.107,0,0,0.9,52.29
912.425,22,0,0.9,157.93
8.287,7,0,0.7,27.64
1256.97,17,1,1.0,223.54
10.322,8,1,0.7,41.07
18.054,2,0,1.0,47.01
18.86,16,0,1.0,46.88
1081.198,12,0,1.0,176.72
2019.404,17,1,1.0,290.15
3.45,8,1,0.9,25.59
18.457,5,0,0.3,58.65
15.971,10,1,1.0,61.59
498.102,8,1,0.7,127.88
13.248,3,0,0.9,43.3
503.126,12,0,0.9,152.62
31.111,5,0,1.0,69.32
15.477,0,0,0.7,39.8
1378.036,3,0,0.7,235.58
31.313,23,0,0.9,71.64
10.584,15,0,0.7,29.08
420.429,15,0,0.7,151.53
5.162,17,1,0.7,26.63
1454.797,15,0,1.0,240.61
857.952,14,0,0.3,207.95
8.364,21,1,0.7,39.73
4.495,2,0,0.3,25.42
16.774,14,0,0.7,46.33
5.489,23,0,0.9,25.23
19.687,3,0,0.3,49.48
23.494,2,0,1.0,58.39
441.033,18,1,0.7,120.29
1447.117,6,0,1.0,250.57
8.53,5,0,0.3,30.44
16.659,15,0,1.0,42.08
10.804,19,1,1.0,48.5
17.445,16,0,0.3,56.32
28.82,11,1,0.9,98.9
515.815,7,0,0.7,139.49
10.045,10,1,1.0,45.09
1184.133,6,0,1.0,210.5
10.649,0,0,0.7,29.86
19.668,2,0,0.7,49.62
15.689,5,0,1.0,39.76
16.501,19,1,0.7,66.83
872.672,11,1,1.0,188.14
13.184,10,1,0.7,53.93
1549.645,5,0,0.7,226.52
10.051,19,1,0.9,43.98
23.376,18,1,0.7,84.13
7.062,20,1,1.0,33.85
15.195,19,1,0.7,57.45
1652.991,11,1,0.7,273.4
20.956,6,0,0.3,65.45
22.165,22,0,1.0,59.52
3.845,13,0,0.7,22.03
22.362,10,1,1.0,74.39
25.918,18,1,1.0,92.61
32.472,10,1,0.9,114.04
9.3,1,0,0.3,34.48
19.021,2,0,0.3,57.81
1079.78,7,0,1.0,224.19
20.475,22,0,1.0,57.04
3.002,17,1,0.7,23.82
943.032,5,0,0.7,217.08
19.575,21,1,0.7,80.34
12.339,4,0,1.0,30.77
28.466,9,1,1.0,104.85
4.772,6,0,0.7,22.56
19.651,2,0,0.9,45.4
1945.857,20,1,1.0,321.77
29.239,16,0,0.3,73.34
6.662,12,0,1.0,22.75
22.39,22,0,0.7,55.99
28.72,1,0,0.7,69.78
15.082,7,0,1.0,43.99
1996.452,7,0,0.7,289.53
12.278,0,0,0.7,30.61
28.571,4,0,0.7,75.51
23.807,1,0,0.7,55.47
5.506,19,1,0.7,35.71
1096.701,7,0,0.7,167.48
21.976,7,0,0.7,54.49
13.393,1,0,0.3,41.18
28.118,17,1,0.9,95.84
9.917,1,0,0.7,31.71
29.524,23,0,1.0,66.07
1191.671,23,0,0.9,234.99
8.601,0,0,1.0,25.26
11.093,12,0,1.0,35.99
21.21,17,1,1.0,66.46
11.889,4,0,1.0,36.81
223.963,20,1,0.7,127.57
19.976,21,1,0.9,75.77
21.501,13,0,1.0,55.4
20.685,13,0,0.7,56.76
21.207,12,0,0.3,66.33
25.801,9,1,0.9,83.33
27.258,8,1,0.7,111.71
863.311,1,0,1.0,205.64
466.599,8,1,0.7,145.85
23.631,0,0,1.0,53.81
17.297,7,0,0.3,48.23
18.158,7,0,1.0,48.52
27.088,7,0,1.0,66.09
5.217,17,1,1.0,29.12
26.504,0,0,0.7,57.8
1749.866,1,0,0.7,274.13
11.539,20,1,0.3,51.49
15.789,4,0,0.9,37.73
1574.189,7,0,0.7,317.74
8.676,19,1,0.7,35.56
29.075,12,0,1.0,65.06
19.662,5,0,0.7,59.05
120.08,6,0,0.7,79.65
5.628,14,0,0.7,25.58
1354.508,22,0,0.3,257.96
1.453,22,0,0.3,19.0
17.955,20,1,0.3,80.13
1034.725,17,1,1.0,194.8
12.604,10,1,0.7,54.25
1537.195,10,1,1.0,271.48
9.308,13,0,0.3,32.51
6.708,16,0,1.0,22.04
17.723,11,1,0.7,71.15
1456.303,2,0,0.7,249.8
12.897,3,0,0.3,46.37
13.871,14,0,0.3,47.5
17.663,15,0,1.0,49.27
19.126,21,1,1.0,70.28
12.543,12,0,0.3,36.66
5.806,17,1,1.0,30.82
18.011,8,1,0.7,64.79
24.015,22,0,0.3,68.66
5.391,21,1,1.0,29.32
25.001,6,0,1.0,50.13
18.797,23,0,0.9,43.61
510.001,0,0,1.0,121.18
440.96,14,0,1.0,122.05
508.419,14,0,1.0,159.26
9.387,4,0,1.0,27.09
20.081,9,1,0.7,62.49
13.796,15,0,1.0,44.47
1092.622,21,1,0.7,211.78
4.968,12,0,0.3,21.48
39.941,12,0,0.9,90.17
17.927,17,1,0.7,62.3
1943.467,13,0,0.7,305.71
16.96,0,0,0.7,48.83
15.895,18,1,0.9,60.69
18.759,20,1,0.3,72.95
1549.943,10,1,1.0,256.35
20.622,1,0,0.3,55.88
1500.208,3,0,1.0,238.79
28.648,18,1,1.0,105.06
16.27,5,0,0.7,44.56
1529.034,19,1,0.7,307.11
19.529,19,1,0.7,74.3
12.967,4,0,0.3,35.16
1306.391,8,1,0.3,258.3
4.63,7,0,1.0,24.57
1580.942,22,0,1.0,248.2
2305.739,13,0,1.0,358.92
21.14,0,0,0.9,55.82
558.36,10,1,0.3,134.98
1468.966,9,1,0.3,269.33
15.274,1,0,1.0,40.98
14.827,23,0,1.0,38.22
1153.241,9,1,0.9,213.33
7.096,1,0,1.0,23.98
15.227,15,0,0.9,39.0
14.999,23,0,0.9,38.54
24.77,17,1,0.9,92.95
9.273,8,1,0.9,41.63
24.071,0,0,1.0,52.6
16.988,23,0,0.9,44.27
901.091,4,0,0.7,197.24
9.781,6,0,1.0,33.26
9.997,10,1,0.3,47.86
3.044,13,0,0.7,22.39
1998.913,4,0,1.0,299.86
1.462,19,1,1.0,18.89
18.878,12,0,0.9,47.71
25.288,20,1,0.7,92.67
941.782,10,1,0.7,182.23
24.788,2,0,0.7,59.49
1359.338,7,0,1.0,246.41
0.921,20,1,0.3,16.3
17.085,2,0,0.9,46.49
14.363,13,0,1.0,40.88
515.891,14,0,1.0,148.32
13.674,19,1,1.0,44.81
12.755,22,0,1.0,39.74
22.147,1,0,0.7,57.25
15.816,2,0,0.9,45.62
20.308,20,1,1.0,83.52
22.505,16,0,1.0,62.34
4.382,18,1,0.9,30.46
15.11,1,0,1.0,43.38
27.798,7,0,1.0,59.04
3.404,7,0,1.0,16.65
18.133,5,0,0.3,50.7
1164.398,17,1,1.0,195.21
1630.185,16,0,1.0,230.86
1183.72,20,1,1.0,230.76
367.037,9,1,1.0,117.54
7.332,14,0,1.0,22.56
1563.994,16,0,0.7,231.94
529.869,1,0,0.3,132.47
13.589,23,0,0.3,49.81
8.038,16,0,1.0,26.19
436.69,10,1,1.0,143.4
16.718,5,0,1.0,43.09
8.492,11,1,1.0,39.84
549.307,4,0,0.7,173.27
22.388,21,1,0.7,86.88
11.574,22,0,0.3,31.72
2.212,4,0,1.0,16.0
4.352,9,1,0.7,23.79
15.358,15,0,0.7,38.81
19.445,10,1,1.0,75.85
30.236,3,0,0.7,62.67
1162.539,20,1,1.0,221.69
2005.518,5,0,0.7,316.74
13.287,8,1,0.9,54.39
18.681,11,1,0.9,64.65
30.296,3,0,0.9,70.16
1990.343,23,0,0.7,301.95
10.867,19,1,0.9,41.38
1359.679,9,1,0.3,255.37
21.328,6,0,0.7,52.26
22.799,8,1,1.0,83.48
8.871,14,0,0.9,26.92
6.567,3,0,1.0,26.18
14.402,16,0,1.0,42.1
1173.799,3,0,1.0,217.49
885.191,20,1,0.9,184.89
17.228,23,0,1.0,52.45
34.38,3,0,0.7,91.69
1569.743,23,0,1.0,285.23
12.376,13,0,0.9,31.21
1480.028,9,1,0.7,229.15
24.469,21,1,0.3,100.85
7.319,10,1,0.9,36.7
17.654,3,0,0.3,54.27
23.487,21,1,0.3,98.99
14.336,0,0,0.9,47.5
163.228,23,0,0.9,125.33
26.035,19,1,0.7,96.64
4.143,2,0,0.7,19.0
945.336,6,0,0.9,203.34
28.768,5,0,1.0,69.03
17.72,18,1,0.7,72.91
18.342,12,0,1.0,43.25
12.359,23,0,0.7,37.67
23.479,11,1,0.7,79.78
18.348,19,1,0.3,76.65
1549.738,16,0,1.0,286.46
1152.835,9,1,0.7,231.95
19.045,12,0,1.0,42.52
19.919,12,0,0.9,49.42
27.476,3,0,0.9,62.7
435.751,0,0,0.3,114.62
18.596,1,0,0.7,50.78
20.588,19,1,0.7,77.53
19.634,18,1,0.7,70.81
29.822,5,0,0.7,75.22
12.646,12,0,0.7,33.91
522.688,13,0,0.7,125.74
14.21,15,0,0.7,42.29
1902.97,8,1,1.0,301.44
2010.431,10,1,1.0,324.54
962.82,8,1,0.9,191.48
1460.68,20,1,1.0,264.0
13.336,0,0,0.7,41.39
19.425,11,1,0.3,83.41
1982.817,15,0,0.7,299.7
10.166,11,1,0.7,49.83
7.574,23,0,1.0,29.59
16.222,10,1,0.9,59.37
26.907,17,1,0.7,99.02
27.82,20,1,0.3,113.4
15.904,19,1,0.7,64.64
279.232,8,1,0.7,127.21
2313.032,22,0,0.9,338.82
28.632,10,1,0.7,99.97
22.17,9,1,0.7,81.48
277.466,4,0,0.9,144.6
6.203,15,0,0.3,28.78
26.1,8,1,0.3,108.02
15.27,13,0,0.9,47.55
23.439,20,1,0.3,91.36
13.815,0,0,0.7,39.14
7.892,6,0,0.3,29.38
1728.699,2,0,0.7,280.89
537.408,21,1,0.9,138.46
33.859,20,1,1.0,109.75
9.811,22,0,1.0,35.48
1256.102,2,0,0.9,227.5
535.634,3,0,0.7,155.2
18.369,21,1,0.3,70.77
7.044,4,0,0.7,24.74
5.613,14,0,0.3,20.72
600.098,1,0,0.3,165.83
15.16,15,0,1.0,47.65
23.379,7,0,0.9,55.57
12.079,5,0,0.9,36.19
531.855,12,0,1.0,120.65
19.204,22,0,1.0,47.52
6.104,6,0,0.3,29.73
23.768,19,1,0.9,85.41
24.738,15,0,0.7,62.71
1228.661,2,0,1.0,207.8
16.366,22,0,0.7,49.89
1558.877,6,0,0.7,281.82
1462.846,20,1,0.9,260.52
27.846,13,0,0.7,69.31
21.514,21,1,0.9,71.47
15.955,7,0,1.0,40.34
10.992,9,1,1.0,50.22
8.336,9,1,1.0,34.28
14.323,17,1,0.9,59.83
1028.335,0,0,0.9,185.31
29.488,13,0,0.7,68.81
169.812,6,0,0.3,103.62
2.467,15,0,1.0,14.47
1076.785,18,1,0.7,196.05
858.455,19,1,1.0,188.05
6.987,15,0,1.0,29.62
16.683,4,0,0.7,42.66
15.531,7,0,1.0,41.42
8.273,0,0,0.7,33.67
234.18,1,0,1.0,107.6
1980.229,10,1,0.3,318.68
9.666,17,1,1.0,45.11
14.863,17,1,0.3,59.4
1323.384,16,0,0.7,214.1
5.928,5,0,0.7,24.86
1594.555,12,0,1.0,274.58
452.54,21,1,1.0,115.74
9.193,18,1,0.3,39.62
28.032,12,0,0.9,62.84
2080.576,5,0,0.3,358.51
16.871,5,0,1.0,44.6
10.065,21,1,0.9,41.8
1979.147,5,0,0.7,357.36
1319.826,8,1,1.0,216.23
10.986,22,0,0.9,36.63
1184.457,7,0,1.0,198.91
11.383,0,0,1.0,27.33
18.345,13,0,0.7,49.55
1301.633,10,1,0.3,244.98
1104.588,16,0,1.0,206.09
1575.906,16,0,0.9,257.66
21.548,4,0,0.9,57.1
436.96,0,0,0.7,112.0
416.251,12,0,1.0,139.94
30.343,9,1,1.0,105.02
10.2,19,1,0.7,39.2
483.225,11,1,0.9,123.5
472.694,11,1,0.3,118.91
23.367,4,0,1.0,50.42
22.147,13,0,0.7,49.26
937.036,14,0,0.9,190.69
918.153,3,0,0.3,212.03
590.568,16,0,1.0,154.1
942.105,7,0,0.7,222.62
8.883,17,1,0.3,38.73
27.644,1,0,0.3,66.25
24.434,18,1,0.7,89.01
21.682,11,1,0.7,80.85
19.042,9,1,1.0,57.26
14.664,12,0,1.0,36.26
15.778,21,1,1.0,59.21
24.551,3,0,1.0,51.09
5.929,12,0,0.7,20.09
2.21,9,1,0.7,20.8
28.223,6,0,0.3,69.88
14.065,23,0,0.7,40.74
831.369,15,0,1.0,179.68
12.691,0,0,0.9,37.89
1184.1,2,0,0.3,262.36
11.257,1,0,1.0,30.95
34.5,2,0,0.7,74.45
899.618,16,0,0.7,172.45
29.438,7,0,0.7,69.63
18.69,14,0,0.9,46.42
31.829,5,0,0.9,82.65
4.225,18,1,0.3,28.85
9.543,4,0,0.7,35.65
28.317,19,1,1.0,101.57
10.931,8,1,0.7,42.72
10.978,15,0,0.3,35.59
557.649,13,0,0.9,167.22
498.161,8,1,0.9,155.37
19.653,12,0,1.0,46.7
7.398,3,0,0.3,35.76
559.299,18,1,0.9,153.01
1511.997,14,0,0.7,251.69
19.137,3,0,1.0,51.14
8.133,7,0,1.0,26.36
966.428,16,0,0.7,212.08
18.807,3,0,0.9,42.07
1462.394,17,1,0.7,245.8
30.841,2,0,1.0,67.53
28.812,9,1,0.9,90.1
12.846,8,1,1.0,52.13
15.692,18,1,1.0,58.46
29.428,4,0,0.7,71.7
27.906,20,1,0.9,100.35
15.544,17,1,0.7,58.17
1559.801,19,1,0.7,263.38
12.283,19,1,1.0,41.66
865.681,11,1,0.7,203.43
26.224,15,0,0.9,67.59
28.251,20,1,0.7,113.09
4.633,19,1,1.0,27.73
24.431,3,0,0.9,48.47
3.652,17,1,0.7,29.37
3.925,13,0,0.9,19.95
18.572,16,0,0.3,49.62
20.586,18,1,0.9,66.37
14.125,8,1,1.0,57.04
5.127,15,0,0.7,19.49
14.34,0,0,0.7,43.33
985.174,23,0,1.0,161.72
24.365,14,0,0.7,62.75
19.749,7,0,0.7,58.2
19.936,13,0,0.7,45.66
24.946,10,1,0.7,91.0
23.65,2,0,1.0,55.59
19.254,13,0,0.7,59.63
515.43,1,0,0.9,135.67
14.018,23,0,0.3,44.47
1368.388,11,1,1.0,212.35
24.48,18,1,0.7,91.63
13.205,11,1,0.7,51.94
10.09,11,1,0.9,35.45
9.906,9,1,1.0,37.04
16.696,15,0,0.9,43.92
1597.719,9,1,0.7,241.78
1095.575,13,0,0.7,186.76
880.988,16,0,0.9,166.18
25.981,8,1,1.0,81.78
10.358,15,0,0.9,36.08
1466.099,4,0,0.3,275.95
12.812,17,1,0.9,51.85
991.975,15,0,0.9,183.82
8.539,8,1,1.0,36.42
31.8,17,1,1.0,103.77
13.649,22,0,0.3,37.76
27.968,19,1,1.0,104.01
627.863,14,0,1.0,166.99
25.281,22,0,1.0,49.08
16.023,11,1,0.3,75.41
769.614,18,1,1.0,170.13
1456.82,7,0,0.7,269.92
1173.864,4,0,1.0,199.51
7.716,12,0,0.7,30.84
956.858,1,0,1.0,183.47
771.253,15,0,0.3,171.92
1244.768,0,0,1.0,209.14
19.947,15,0,0.7,54.39
31.887,22,0,0.7,73.16
2.971,15,0,0.3,15.86
4.881,3,0,1.0,25.65
23.22,13,0,1.0,48.81
5.404,5,0,0.7,26.11
524.945,19,1,1.0,139.3
15.354,19,1,0.7,58.45
511.256,0,0,0.9,151.93
4.488,17,1,0.7,24.4
18.925,2,0,1.0,45.99
26.129,17,1,0.9,96.06
1.633,21,1,0.3,17.92
38.38,8,1,0.9,124.71
5.149,18,1,1.0,28.33
7.342,21,1,1.0,33.55
24.443,4,0,0.7,64.47
930.899,13,0,1.0,166.48
10.937,19,1,0.7,43.08
13.528,23,0,0.3,43.99
125.433,21,1,1.0,91.72
1743.891,13,0,1.0,288.58
11.194,11,1,1.0,48.25
520.496,20,1,0.9,162.99
11.945,23,0,0.7,34.59
17.785,13,0,0.7,48.36
1443.236,12,0,1.0,253.14
14.337,22,0,1.0,41.33
20.362,16,0,1.0,45.75
519.693,17,1,0.9,137.13
864.622,20,1,0.7,207.3
39.358,5,0,0.9,85.56
28.287,9,1,0.7,100.48
19.235,22,0,1.0,48.69
10.264,4,0,1.0,26.86
1903.082,13,0,0.9,261.18
14.881,3,0,1.0,39.68
30.348,14,0,1.0,61.23
2007.701,7,0,1.0,273.82
22.348,13,0,0.7,54.02
25.939,17,1,1.0,87.13
17.605,16,0,0.7,42.7
1668.103,12,0,1.0,238.98
30.678,12,0,0.7,66.41
5.244,15,0,0.7,18.42
117.455,5,0,0.3,91.47
1312.49,22,0,1.0,206.08
738.972,21,1,0.3,206.16
27.12,0,0,1.0,54.58
2.15,14,0,1.0,15.23
15.023,10,1,0.9,52.72
22.953,0,0,0.7,53.06
2323.63,16,0,1.0,349.01
14.369,14,0,0.7,40.23
31.601,4,0,0.7,66.18
21.522,15,0,0.7,46.79
11.553,8,1,0.3,47.24
9.524,14,0,0.7,31.57
16.78,0,0,0.3,49.9
891.285,10,1,1.0,158.21
2061.894,14,0,0.7,313.74
1312.424,7,0,0.7,241.74
1464.736,6,0,0.7,253.1
2312.054,12,0,1.0,340.5
12.557,21,1,0.7,48.03
20.149,19,1,0.3,72.24
28.368,20,1,0.9,94.19
9.876,23,0,0.3,37.06
22.34,15,0,0.9,62.4
1475.054,20,1,1.0,234.78
11.774,6,0,0.9,39.2
17.148,6,0,1.0,48.96
4.754,7,0,1.0,22.66
506.568,20,1,1.0,168.43
138.446,4,0,0.7,94.27
18.055,12,0,0.7,47.3
22.275,21,1,1.0,77.73
136.8,17,1,0.3,90.65
966.551,7,0,0.3,216.41
7.677,10,1,0.9,35.1
8.345,13,0,0.7,27.68
28.59,2,0,1.0,70.67
29.157,23,0,1.0,59.94
30.882,23,0,1.0,63.8
17.598,0,0,1.0,46.16
501.448,23,0,0.7,139.47
412.439,7,0,1.0,113.98
29.371,10,1,0.3,112.94
11.509,2,0,1.0,32.79
16.759,1,0,0.3,53.89
1588.185,21,1,1.0,253.3
32.79,0,0,1.0,68.98
2068.799,11,1,1.0,332.04
16.097,14,0,1.0,39.1
22.314,18,1,0.7,68.55
8.385,2,0,0.9,25.34
13.134,3,0,1.0,36.4
10.506,0,0,0.3,28.66
11.184,21,1,0.7,44.75
9.011,7,0,1.0,30.26
16.021,8,1,1.0,58.95
26.123,6,0,0.3,66.92
112.177,10,1,0.3,92.6
5.865,2,0,0.3,25.75
502.058,11,1,1.0,120.05
14.404,21,1,1.0,47.84
2004.935,10,1,0.3,344.56
1.569,19,1,1.0,13.95
11.941,14,0,0.7,36.11
1200.52,15,0,0.3,246.65
11.263,16,0,0.3,31.71
3.758,18,1,0.7,19.78
1489.168,4,0,0.7,239.66
526.739,7,0,0.7,160.66
5.959,17,1,0.3,31.65
873.053,8,1,0.7,204.91
8.179,13,0,1.0,23.21
27.345,15,0,0.7,71.29
133.215,8,1,1.0,103.57
1175.797,20,1,0.7,191.7
18.516,10,1,0.3,70.69
848.323,11,1,0.9,194.33
1027.195,13,0,0.3,195.85
1907.431,0,0,1.0,280.79
1176.575,4,0,0.3,237.27
15.811,20,1,0.7,61.61
1248.81,23,0,0.7,247.42
1607.686,19,1,0.7,230.97
154.087,13,0,0.7,121.43
853.035,1,0,0.9,173.7
21.578,3,0,1.0,50.69
20.785,14,0,0.7,57.9
281.035,23,0,0.3,104.13
5.736,8,1,0.7,27.33
508.362,21,1,0.9,165.21
19.243,13,0,0.7,44.05
442.575,17,1,0.7,138.62
9.024,1,0,0.3,28.21
10.937,6,0,0.3,34.89
19.905,3,0,0.9,49.48
6.535,13,0,1.0,20.79
11.252,19,1,0.7,47.59
19.959,13,0,0.7,47.88
15.721,7,0,0.7,41.14
2.765,8,1,1.0,18.97
25.531,14,0,0.3,76.47
8.389,23,0,0.7,27.9
1081.006,12,0,0.7,164.15
1885.262,6,0,0.3,312.43
1535.537,17,1,0.9,237.98
33.491,17,1,1.0,109.28
22.239,3,0,0.7,53.61
1063.19,14,0,1.0,183.15
15.66,8,1,0.7,62.87
769.195,10,1,0.9,157.31
1380.077,9,1,1.0,213.91
26.368,4,0,1.0,70.81
1319.235,15,0,0.9,227.65
16.269,7,0,0.3,39.81
12.499,11,1,1.0,45.91
13.048,19,1,0.7,51.36
14.015,21,1,0.9,56.27
0.724,7,0,0.3,12.28
15.246,7,0,0.7,42.52
1080.256,1,0,0.7,196.58
16.24,2,0,0.7,41.8
17.023,2,0,0.7,43.97
30.092,3,0,1.0,66.87
12.1,14,0,1.0,35.85
12.991,1,0,1.0,42.4
892.247,0,0,1.0,186.85
13.194,10,1,0.7,57.51
26.033,22,0,0.3,64.68
29.693,13,0,0.9,68.08
17.061,8,1,1.0,70.07
23.979,5,0,0.7,67.76
14.24,9,1,0.7,60.9
1.5,1,0,1.0,12.87
1557.725,15,0,1.0,274.02
7.504,16,0,0.7,22.26
4.072,6,0,1.0,20.34
4.551,16,0,1.0,19.21
9.664,9,1,1.0,42.48
1558.381,14,0,0.9,234.06
993.394,16,0,0.7,200.72
24.477,0,0,1.0,51.13
19.891,3,0,0.7,50.16
1480.315,18,1,0.9,268.78
353.609,6,0,1.0,141.05
3.968,10,1,0.9,21.52
15.609,9,1,0.7,55.05
12.571,21,1,0.7,50.45
2.252,3,0,0.9,19.68
26.617,18,1,0.3,114.31
10.958,3,0,1.0,29.15
20.443,8,1,0.7,79.37
1916.803,1,0,0.7,281.65
22.696,2,0,1.0,44.04
17.753,1,0,0.9,44.72
1729.222,3,0,0.7,269.01
878.689,21,1,1.0,172.59
14.696,21,1,0.7,58.47
14.118,21,1,0.9,58.55
1157.676,11,1,0.7,224.01
27.526,21,1,1.0,92.3
18.6,20,1,0.9,61.73
412.159,6,0,1.0,115.1
1384.086,22,0,1.0,196.29
30.651,18,1,0.9,92.42
10.178,6,0,1.0,28.03
7.903,21,1,0.9,30.88
16.134,14,0,0.3,51.73
10.119,6,0,0.9,30.46
1504.192,2,0,0.3,253.94
17.599,15,0,0.9,49.87
25.721,5,0,1.0,63.02
1167.615,4,0,0.7,227.55
21.712,16,0,0.3,61.89
13.041,11,1,0.7,52.93
10.275,0,0,0.7,39.03
21.488,13,0,0.9,62.34
776.13,8,1,0.7,185.79
10.074,2,0,0.9,36.33
1380.157,19,1,0.7,250.52
6.643,10,1,0.7,28.62
38.894,22,0,1.0,90.94
6.053,19,1,0.3,36.22
26.905,23,0,0.7,72.22
4.186,5,0,1.0,18.7
1346.429,10,1,0.7,263.9
1360.383,4,0,1.0,226.66
5.276,6,0,1.0,22.38
1755.703,23,0,0.3,283.88
1333.088,21,1,0.3,277.53
1297.22,6,0,1.0,217.14
15.673,6,0,1.0,43.82
18.805,22,0,0.9,49.74
25.939,15,0,0.7,70.91
5.441,2,0,0.7,22.84
13.383,14,0,1.0,42.76
1381.816,16,0,0.3,232.63
21.979,15,0,1.0,53.75
6.005,13,0,0.7,25.84
18.068,2,0,1.0,43.99
18.258,13,0,1.0,43.09
28.207,9,1,0.3,103.72
19.326,8,1,0.3,77.58
431.364,10,1,0.3,143.23
16.05,10,1,0.7,56.31
7.756,19,1,0.7,36.91
20.308,7,0,0.7,49.15
14.937,18,1,0.3,63.09
3.46,19,1,0.7,22.9
238.495,17,1,0.7,122.23
1740.893,2,0,1.0,285.09
1995.817,21,1,0.7,324.05
2.88,10,1,0.7,22.44
26.597,2,0,1.0,67.38
20.76,18,1,1.0,70.63
26.029,15,0,0.7,58.22
236.924,7,0,1.0,89.97
26.098,9,1,0.7,75.19
514.075,17,1,0.3,161.43
597.226,19,1,1.0,149.16
14.604,10,1,1.0,58.73
136.841,22,0,1.0,111.99
15.024,18,1,0.9,54.66
4.166,22,0,0.3,23.16
25.678,4,0,0.9,64.8
14.983,20,1,1.0,53.26
25.904,9,1,0.7,90.46
18.419,14,0,0.9,37.68
890.157,16,0,0.7,165.24
13.598,2,0,0.3,43.84
291.746,13,0,1.0,121.26
2061.411,3,0,1.0,292.47
17.252,22,0,0.3,54.02
17.873,22,0,0.7,49.9
1363.457,22,0,0.9,226.54
916.375,8,1,0.9,203.64
26.571,13,0,0.7,65.86
9.927,8,1,1.0,37.33
11.033,7,0,1.0,36.76
19.44,4,0,1.0,40.65
1620.795,11,1,0.3,263.9
0.71,18,1,0.7,14.92
1950.589,11,1,0.7,278.51
27.178,15,0,1.0,66.68
20.973,13,0,0.7,53.94
21.904,8,1,0.3,98.5
1349.364,18,1,0.9,230.61
32.162,1,0,0.3,77.35
1233.731,17,1,0.7,220.39
1572.608,4,0,0.3,254.53
1245.243,13,0,1.0,218.5
1361.734,2,0,0.9,201.57
25.834,15,0,1.0,58.31
7.92,16,0,0.7,34.71
1197.934,17,1,0.7,231.78
15.92,1,0,0.3,44.04
28.898,14,0,0.7,71.34
9.002,16,0,0.7,28.13
39.244,20,1,0.7,137.77
719.413,19,1,0.7,139.88
1005.957,13,0,0.3,245.29
9.973,16,0,0.9,35.07
26.314,0,0,1.0,57.82
3.904,21,1,0.9,21.26
4.398,19,1,0.7,23.25
1758.926,14,0,0.9,286.23
1322.309,2,0,0.7,263.55
1458.866,18,1,1.0,257.58
1584.91,19,1,0.9,244.5
4.474,4,0,1.0,24.58
987.679,15,0,0.9,218.09
1586.609,15,0,0.7,237.49
23.164,21,1,0.7,73.93
6.244,8,1,0.3,36.51
745.189,5,0,0.7,196.25
1512.812,9,1,1.0,262.18
847.015,17,1,0.7,198.37
5.047,11,1,0.9,29.4
19.993,3,0,0.3,53.78
239.615,19,1,1.0,108.48
21.188,11,1,0.7,70.98
417.975,4,0,0.9,103.16
239.695,23,0,0.7,113.12
5.675,12,0,0.3,24.33
1304.851,17,1,1.0,248.04
28.889,3,0,0.7,72.24
31.787,1,0,1.0,75.4
1064.436,18,1,0.7,198.25
14.047,22,0,0.9,42.73
19.579,5,0,1.0,51.05
25.136,18,1,0.9,89.0
7.084,6,0,0.9,29.67
940.245,18,1,1.0,201.44
12.835,4,0,0.7,31.34
15.278,12,0,1.0,42.4
876.168,1,0,1.0,157.83
497.227,1,0,0.9,149.21
1028.606,11,1,0.3,184.45
1452.352,21,1,0.7,253.9
11.653,5,0,1.0,36.56
9.641,6,0,1.0,34.39
13.751,22,0,0.3,39.64
1994.815,22,0,1.0,318.92
13.516,2,0,0.7,38.33
1356.894,2,0,0.3,274.41
18.005,20,1,0.7,74.31
23.27,4,0,1.0,59.6
16.257,4,0,1.0,40.71
25.017,5,0,0.3,68.87
4.468,8,1,1.0,26.19
443.442,4,0,0.3,134.43
1236.564,16,0,1.0,206.15
1095.482,8,1,0.9,199.96
3.97,9,1,1.0,23.34
23.413,22,0,0.9,63.41
8.87,1,0,0.7,31.83
11.586,13,0,1.0,30.63
21.803,3,0,1.0,51.59
18.205,21,1,0.3,74.66
7.081,22,0,0.3,35.29
21.807,16,0,0.7,60.29
9.505,22,0,1.0,31.84
22.291,5,0,0.3,58.45
10.364,14,0,1.0,30.96
21.308,22,0,0.9,54.34
20.347,6,0,0.7,53.67
5.933,13,0,0.7,19.66
24.921,2,0,0.7,64.47
234.304,10,1,1.0,130.61
25.993,0,0,1.0,58.57
2.487,11,1,0.7,16.43
24.841,18,1,1.0,81.26
12.854,16,0,1.0,41.56
414.618,0,0,1.0,148.39
28.223,21,1,1.0,101.97
1654.296,12,0,0.7,303.77
23.796,2,0,0.7,60.99
22.497,7,0,0.7,59.55
21.134,12,0,0.7,50.33
1446.615,16,0,1.0,276.13
31.042,9,1,1.0,109.94
1957.268,16,0,0.7,290.2
1547.803,19,1,0.7,262.65
1606.099,11,1,0.9,240.44
21.075,13,0,0.7,51.16
2069.311,22,0,1.0,275.75
493.412,22,0,0.3,122.15
15.243,5,0,1.0,44.33
7.993,7,0,1.0,26.54
34.132,23,0,0.7,77.14
26.924,15,0,0.7,76.06
12.42,12,0,0.3,35.3
0.604,6,0,0.7,9.21
20.608,12,0,1.0,56.48
32.242,3,0,0.7,72.69
25.499,19,1,1.0,85.34
6.451,22,0,1.0,28.1
29.207,19,1,1.0,100.36
14.796,17,1,0.9,53.54
18.196,3,0,0.7,47.14
5.73,2,0,0.9,26.32
4.554,8,1,1.0,22.04
13.652,11,1,0.7,58.13
13.906,22,0,1.0,40.8
9.245,9,1,0.7,41.7
4.362,10,1,1.0,21.71
24.694,20,1,0.3,97.35
907.738,16,0,0.7,195.48
31.261,22,0,0.3,82.62
28.399,23,0,1.0,67.69
1371.474,4,0,1.0,240.83
16.767,4,0,0.7,51.12
450.655,8,1,1.0,149.64
24.064,15,0,1.0,57.22
845.145,2,0,1.0,163.66
30.681,19,1,0.9,109.14
19.224,16,0,1.0,46.05
1996.474,14,0,1.0,286.21
236.483,2,0,0.7,109.48
1259.806,10,1,0.7,238.25
12.243,23,0,0.9,37.15
736.122,18,1,0.9,178.31
2.433,10,1,1.0,19.5
6.25,3,0,0.7,22.34
21.791,19,1,0.7,70.54
1751.498,7,0,1.0,258.09
1949.709,3,0,0.3,352.72
1586.141,9,1,1.0,243.24
10.918,4,0,1.0,34.31
1358.275,10,1,0.7,215.8
10.013,1,0,1.0,27.92
19.611,7,0,1.0,44.04
1737.021,10,1,0.7,266.07
1769.767,3,0,0.7,281.61
1995.241,19,1,0.7,278.2
18.762,14,0,0.7,47.88
24.527,2,0,0.7,54.58
12.726,13,0,0.9,29.95
13.397,11,1,0.7,58.13
1230.667,14,0,0.7,223.77
15.675,0,0,0.7,38.98
4.804,13,0,1.0,25.93
1299.479,19,1,1.0,222.55
26.439,14,0,1.0,61.4
15.923,15,0,0.7,39.15
1143.541,4,0,1.0,196.98
12.83,0,0,1.0,26.74
21.331,14,0,1.0,54.51
21.321,20,1,1.0,64.48
28.442,5,0,0.9,70.02
16.129,10,1,1.0,53.66
127.553,4,0,1.0,79.93
5.554,6,0,0.7,20.55
604.039,23,0,1.0,169.78
599.018,18,1,0.3,179.6
16.125,2,0,1.0,46.24
35.354,2,0,0.7,86.93
18.078,11,1,0.3,77.48
286.545,0,0,0.9,115.29
238.215,9,1,1.0,121.26
1074.589,19,1,0.9,208.82
22.575,12,0,0.7,55.54
3.921,17,1,0.7,28.01
13.554,0,0,1.0,35.33
11.427,7,0,1.0,39.67
8.905,17,1,0.9,42.12
17.53,20,1,1.0,61.19
18.387,21,1,0.7,61.89
10.245,22,0,1.0,27.21
19.688,2,0,0.7,45.84
18.931,7,0,1.0,45.1
1203.15,15,0,0.7,201.28
19.572,15,0,1.0,52.3
16.314,22,0,0.7,45.36
1493.838,6,0,0.3,260.77
30.199,12,0,1.0,60.71
12.035,22,0,1.0,34.0
1569.844,5,0,1.0,220.63
1579.168,17,1,0.7,242.16
13.79,22,0,1.0,39.37
7.382,18,1,1.0,37.05
27.667,2,0,0.3,68.31
1148.307,1,0,1.0,198.59
14.866,9,1,0.7,55.47
5.143,9,1,1.0,31.1
13.943,2,0,1.0,31.76
22.936,1,0,0.9,53.9
8.09,22,0,1.0,29.35
502.452,11,1,1.0,119.47
126.219,13,0,0.7,107.17
9.304,15,0,0.3,32.85
10.946,13,0,0.7,34.39
33.857,18,1,0.9,113.65
1099.356,13,0,0.7,192.89
489.307,7,0,0.7,126.07
12.376,14,0,0.3,39.83
21.3,21,1,0.7,79.02
3.907,9,1,1.0,22.57
17.167,1,0,0.7,44.31
18.545,13,0,1.0,48.49
21.965,0,0,1.0,53.32
23.858,8,1,0.3,97.07
18.7,15,0,0.7,51.91
15.567,10,1,1.0,51.05
20.657,22,0,1.0,45.9
6.626,19,1,0.9,31.19
6.958,4,0,0.7,22.65
1752.227,12,0,0.7,295.36
511.011,4,0,1.0,144.11
1569.566,1,0,0.3,245.13
14.201,1,0,1.0,38.48
14.213,8,1,0.9,46.89
11.77,12,0,1.0,33.28
14.998,15,0,1.0,41.21
7.532,14,0,1.0,31.28
7.065,0,0,0.7,22.52
2.001,6,0,0.7,17.8
17.471,20,1,0.3,74.64
24.348,8,1,0.7,98.47
14.466,22,0,0.7,38.79
14.58,3,0,0.9,34.75
871.937,16,0,0.7,204.75
30.924,6,0,0.7,61.99
21.264,6,0,0.7,53.51
1455.611,18,1,0.7,218.87
16.383,2,0,1.0,47.69
22.117,21,1,0.9,74.85
12.546,4,0,0.9,37.93
496.585,13,0,1.0,145.14
27.108,18,1,0.7,105.77
284.723,20,1,0.7,116.85
26.993,23,0,0.9,68.06
27.213,2,0,0.9,56.2
26.317,9,1,1.0,84.3
10.192,18,1,1.0,44.5
486.585,13,0,1.0,114.79
1885.83,14,0,1.0,323.08
28.411,22,0,0.7,76.37
1353.447,21,1,0.9,232.96
1487.041,14,0,0.7,244.45
25.11,3,0,0.3,67.74
14.962,3,0,0.7,38.73
17.906,21,1,0.7,71.49
19.463,8,1,0.3,76.66
863.066,21,1,0.7,206.23
12.877,8,1,1.0,48.73
21.652,1,0,0.3,57.15
31.107,8,1,1.0,102.91
1998.824,21,1,0.9,306.12
516.968,8,1,1.0,129.58
10.888,14,0,1.0,28.07
34.837,22,0,0.9,73.88
556.798,6,0,1.0,151.6
8.09,6,0,0.7,30.18
14.816,8,1,0.9,61.31
6.882,14,0,1.0,25.27
1586.056,17,1,1.0,243.05
2002.07,16,0,1.0,270.53
13.704,1,0,0.3,44.77
10.004,19,1,0.9,44.67
27.232,19,1,1.0,86.8
1751.639,23,0,0.9,250.93
13.246,0,0,1.0,37.59
27.612,13,0,0.3,79.7
18.391,17,1,0.7,68.63
16.561,20,1,0.3,59.23
9.56,5,0,1.0,34.2
10.763,5,0,1.0,31.92
26.29,19,1,1.0,81.97
1077.509,15,0,1.0,204.84
402.099,12,0,1.0,116.86
30.136,16,0,0.3,86.92
7.942,2,0,0.3,29.63
8.068,21,1,0.7,40.11
17.83,17,1,0.7,74.27
33.13,1,0,0.7,81.71
1185.464,15,0,1.0,186.85
243.352,7,0,0.7,121.61
947.717,11,1,0.7,220.31
20.497,14,0,0.7,62.5
9.145,12,0,1.0,30.48
8.954,2,0,0.9,27.4
1251.026,18,1,1.0,216.69
1358.535,10,1,0.9,240.12
5.088,20,1,1.0,27.25
15.196,7,0,0.7,43.56
18.333,4,0,0.3,51.04
12.369,6,0,0.7,34.07
13.088,9,1,1.0,48.42
863.429,22,0,0.7,190.74
548.02,23,0,1.0,139.22
1961.7,23,0,1.0,273.38
13.248,15,0,0.7,37.55
437.516,1,0,0.9,152.52
27.793,9,1,0.7,109.1
22.067,12,0,0.3,53.03
15.396,16,0,1.0,46.38
10.843,9,1,1.0,40.41
15.235,6,0,0.7,47.73
0.896,17,1,0.7,18.51
15.018,9,1,0.7,58.47
12.378,20,1,1.0,39.92
15.496,12,0,0.7,48.54
1456.848,15,0,0.7,215.38
9.713,4,0,0.9,29.61
1282.077,5,0,1.0,199.64
1173.035,3,0,0.9,197.25
839.739,2,0,0.7,183.82
12.839,16,0,1.0,38.11
16.051,0,0,0.7,39.48
1453.169,11,1,0.3,274.95
29.561,11,1,1.0,100.02
11.58,13,0,0.9,29.97
833.001,20,1,0.7,188.75
11.019,23,0,0.3,32.99
21.485,10,1,1.0,71.29
19.506,15,0,1.0,51.43
1140.654,17,1,0.9,214.36
22.218,1,0,0.7,53.57
21.331,8,1,0.3,85.24
15.127,3,0,0.9,40.62
270.683,8,1,0.7,96.99
14.615,17,1,1.0,54.74
562.079,23,0,0.3,160.38
9.251,17,1,0.7,44.76
14.469,20,1,0.7,51.97
7.621,13,0,0.7,29.18
12.226,2,0,0.7,38.11
25.177,21,1,0.7,88.74
2.574,19,1,0.3,25.37
1250.168,4,0,0.7,213.25
26.316,5,0,0.7,61.33
1083.998,23,0,0.7,230.89
21.427,0,0,1.0,51.89
19.754,3,0,0.7,46.3
23.907,16,0,1.0,58.72
5.307,19,1,0.7,28.05
25.353,13,0,0.9,63.13
1747.895,16,0,1.0,271.08
9.348,14,0,0.7,35.09
1596.731,0,0,0.3,290.82
1560.088,23,0,0.9,249.9
23.276,13,0,0.3,59.26
1609.898,1,0,0.7,276.79
12.548,17,1,0.3,61.91
23.729,12,0,1.0,53.51
13.684,21,1,0.3,62.53
28.13,22,0,0.9,69.91
1190.815,1,0,1.0,207.07
40.858,12,0,1.0,90.03
12.681,9,1,1.0,49.06
31.505,1,0,0.7,76.82
10.454,12,0,0.3,37.43
30.003,10,1,0.7,102.88
30.333,21,1,1.0,105.15
20.773,6,0,0.7,59.98
1600.298,15,0,1.0,242.98
15.871,7,0,0.3,48.67
16.984,5,0,0.9,44.86
1.448,15,0,1.0,16.57
1519.617,1,0,0.9,253.91
22.235,13,0,0.7,53.09
21.698,5,0,1.0,58.14
19.634,5,0,1.0,45.31
10.919,12,0,0.3,33.76
1745.552,1,0,0.7,310.14
1360.774,15,0,0.7,258.0
10.524,3,0,1.0,37.66
23.915,6,0,1.0,58.91
7.05,21,1,0.9,32.74
1882.742,4,0,0.3,317.48
7.24,6,0,0.7,27.04
113.857,1,0,0.7,98.17
15.397,20,1,0.7,66.06
20.961,6,0,0.9,54.45
10.767,0,0,0.7,31.67
4.343,1,0,1.0,22.62
11.009,22,0,0.9,33.46
1461.272,20,1,0.7,249.57
1182.805,7,0,0.3,228.13
861.435,3,0,1.0,163.54
746.827,23,0,0.7,190.86
10.079,8,1,0.7,42.42
6.956,11,1,0.7,36.44
15.511,20,1,0.7,63.05
16.919,1,0,1.0,47.36
536.684,16,0,0.9,114.05
10.196,3,0,1.0,33.01
587.518,7,0,0.3,191.15
1182.531,10,1,0.7,237.43
20.379,7,0,1.0,47.06
2014.967,5,0,0.7,285.43
13.631,19,1,0.7,57.94
7.466,19,1,0.9,36.35
22.738,11,1,1.0,81.1
19.612,1,0,1.0,51.18
1361.926,19,1,0.7,203.36
17.828,10,1,1.0,64.02
1654.714,19,1,1.0,233.41
6.536,14,0,0.7,26.41
37.086,1,0,1.0,79.62
19.824,15,0,0.9,58.13
959.935,13,0,1.0,205.96
114.073,14,0,0.9,88.95
1301.438,17,1,1.0,183.52
535.664,20,1,0.3,164.14
26.723,11,1,0.3,112.94
943.067,8,1,0.7,221.63
36.859,19,1,0.7,128.43
356.119,3,0,0.7,120.77
5.963,1,0,0.9,27.12
1155.584,12,0,0.7,218.5
9.511,17,1,0.7,38.77
20.813,8,1,0.9,84.49
1611.871,13,0,0.7,235.63
2.785,3,0,1.0,19.67
21.014,4,0,0.7,61.79
31.064,12,0,1.0,74.88
1301.046,0,0,1.0,216.86
2.106,15,0,0.7,13.86
1346.011,9,1,0.3,256.37
13.918,11,1,1.0,58.65
862.91,8,1,0.3,160.4
1568.745,10,1,1.0,240.81
1323.805,15,0,1.0,222.74
22.478,4,0,0.9,62.09
1195.713,22,0,1.0,241.2
24.432,17,1,0.7,91.38
27.899,6,0,0.3,67.41
8.806,15,0,1.0,27.01
16.221,10,1,1.0,55.29
14.648,11,1,0.7,61.69
11.693,16,0,0.9,33.83
5.013,14,0,1.0,23.1
18.375,10,1,0.9,68.0
10.048,3,0,0.7,38.54
942.591,8,1,0.3,182.64
11.286,1,0,0.7,30.4
21.919,2,0,0.7,60.84
21.727,22,0,0.7,61.99
23.519,21,1,0.7,92.88
21.818,5,0,0.7,54.56
1002.311,13,0,1.0,201.14
1749.404,0,0,1.0,276.11
27.333,13,0,1.0,66.84
1359.601,9,1,1.0,224.65
5.008,15,0,1.0,21.26
1023.72,3,0,0.7,183.77
1610.471,23,0,1.0,296.54
8.135,4,0,0.7,25.5
14.518,6,0,1.0,41.37
17.261,10,1,0.9,57.92
25.637,6,0,0.7,62.14
8.402,23,0,0.7,31.41
947.44,20,1,1.0,179.33
16.176,15,0,1.0,45.99
4.946,15,0,0.7,21.72
840.608,7,0,0.9,169.76
14.756,11,1,0.3,66.47
37.537,14,0,0.3,79.98
11.314,23,0,0.9,40.15
1502.543,12,0,1.0,273.51
6.199,6,0,0.7,21.29
3.573,4,0,0.3,22.94
14.359,6,0,1.0,41.89
22.667,9,1,1.0,75.24
14.081,21,1,0.7,57.11
494.515,8,1,1.0,135.79
16.694,1,0,0.7,41.17
9.16,3,0,1.0,27.13
14.937,21,1,1.0,63.81
28.828,1,0,0.7,67.18
867.864,20,1,1.0,166.6
19.943,16,0,0.3,55.23
1168.87,2,0,0.7,225.6
12.398,11,1,0.3,53.75
5.889,3,0,1.0,20.68
17.814,18,1,0.9,64.68
1764.08,1,0,0.7,285.69
1616.992,7,0,0.3,262.42
10.603,3,0,0.7,34.45
7.545,11,1,0.3,39.5
554.912,11,1,1.0,140.34
12.136,10,1,1.0,42.24
9.468,10,1,0.7,42.1
21.829,10,1,1.0,77.39
19.454,18,1,1.0,67.4
13.237,13,0,0.9,32.46
3.195,4,0,0.7,15.89
6.731,23,0,1.0,26.47
1196.14,18,1,0.3,246.22
35.654,8,1,0.3,136.67
10.964,14,0,0.7,32.43
13.411,11,1,0.9,51.93
15.312,4,0,1.0,41.82
13.991,18,1,1.0,52.53
627.726,21,1,0.3,140.76
134.197,11,1,1.0,113.0
1561.513,23,0,0.3,282.86
505.455,23,0,0.7,141.62
21.019,17,1,0.7,74.88
1750.926,20,1,0.7,281.64
14.249,1,0,0.7,45.29
18.848,4,0,1.0,50.81
10.945,11,1,1.0,46.85
21.452,17,1,1.0,76.09
24.934,17,1,0.3,107.42
18.032,18,1,0.9,55.68
1967.511,14,0,0.9,287.77
17.063,21,1,1.0,69.45
13.04,0,0,0.9,37.58
602.881,23,0,0.3,135.29
1898.001,20,1,0.3,302.46
26.121,20,1,0.7,89.08
1.886,16,0,0.9,14.54
19.702,14,0,0.7,58.58
1082.287,18,1,1.0,204.86
5.676,6,0,0.7,23.96
26.958,1,0,0.7,70.27
1170.499,14,0,0.7,234.85
14.901,7,0,0.3,42.42
16.559,23,0,1.0,46.29
1610.021,12,0,0.7,282.16
26.361,2,0,0.7,61.42
1385.959,9,1,1.0,243.63
1378.575,1,0,0.9,210.66
158.619,9,1,0.7,88.5
23.799,5,0,1.0,61.78
1453.548,12,0,0.7,272.25
4.254,23,0,0.7,19.69
590.445,15,0,0.7,128.02
25.475,18,1,1.0,81.67
19.122,1,0,1.0,53.23
18.43,23,0,0.7,55.82
13.451,6,0,0.7,35.65
509.363,18,1,0.7,125.92
526.428,4,0,1.0,153.74
17.137,0,0,1.0,41.23
1161.697,18,1,0.7,205.73
1498.464,20,1,1.0,242.77
17.047,7,0,1.0,43.07
36.104,13,0,0.9,83.6
28.053,19,1,0.7,90.64
3.858,11,1,0.7,21.81
14.4,11,1,0.3,54.05
23.366,18,1,1.0,83.28
22.663,21,1,1.0,77.25
22.32,4,0,0.7,59.29
2.713,23,0,0.3,14.51
30.093,21,1,0.7,96.94
22.38,14,0,1.0,54.86
9.945,12,0,0.9,32.02
16.734,11,1,1.0,60.24
22.442,14,0,1.0,58.48
1581.242,11,1,0.9,247.2
14.711,11,1,1.0,53.37
8.822,8,1,0.3,40.28
1508.529,4,0,0.3,262.14
1923.692,11,1,0.7,313.12
861.619,14,0,0.7,199.54
1893.199,4,0,0.9,296.1
8.854,14,0,0.3,36.93
1761.382,12,0,0.7,281.47
18.648,2,0,0.9,48.36
19.804,17,1,1.0,63.62
10.192,12,0,1.0,28.96
549.39,8,1,0.7,147.69
19.944,11,1,1.0,69.76
20.939,9,1,0.7,85.14
6.622,11,1,0.7,38.78
8.743,20,1,0.3,36.38
17.493,0,0,0.7,45.48
29.872,4,0,1.0,68.8
967.643,8,1,0.7,182.77
36.588,4,0,1.0,85.14
17.753,10,1,0.7,60.99
6.183,14,0,1.0,23.22
12.724,14,0,0.7,35.09
26.972,4,0,0.7,65.29
7.854,5,0,1.0,25.29
16.621,16,0,1.0,41.42
18.478,11,1,0.9,72.97
897.073,4,0,0.7,209.7
21.166,0,0,1.0,53.57
1604.291,23,0,0.3,307.28
761.415,8,1,0.3,162.52
10.396,19,1,0.3,50.05
17.383,9,1,0.3,73.22
5.951,20,1,0.9,33.03
12.862,2,0,0.3,39.0
911.688,20,1,1.0,173.84
9.228,13,0,1.0,29.36
17.819,4,0,0.3,53.87
1199.979,18,1,0.9,217.64
15.002,7,0,1.0,43.39
2.701,9,1,0.7,22.92
21.765,14,0,0.3,61.68
22.991,9,1,0.3,83.74
22.444,3,0,1.0,50.52
423.126,16,0,0.9,138.38
871.034,22,0,0.7,180.91
24.282,10,1,0.7,87.49
822.32,5,0,0.9,188.62
10.983,9,1,0.3,56.5
1580.081,1,0,0.7,289.93
21.941,16,0,1.0,45.01
14.739,12,0,0.7,41.23
503.47,11,1,0.3,149.75
25.236,3,0,0.7,66.87
905.304,17,1,1.0,155.37
30.494,15,0,0.7,75.61
23.05,21,1,0.7,77.6
1914.293,4,0,1.0,269.03
27.011,10,1,0.7,91.4
22.531,20,1,0.7,87.81
18.693,13,0,0.7,43.78
23.837,20,1,1.0,82.6
553.382,18,1,0.3,169.95
18.208,21,1,0.3,64.94
17.254,7,0,0.7,44.64
8.074,2,0,0.9,29.77
929.104,21,1,0.3,236.08
1450.525,21,1,1.0,224.63
20.555,16,0,0.7,47.91
855.753,0,0,1.0,197.55
1556.785,9,1,0.9,285.2
6.589,5,0,0.7,21.7
1166.76,11,1,1.0,185.09
436.447,21,1,1.0,136.65
29.011,22,0,0.9,68.0
12.178,8,1,0.7,42.58
23.168,5,0,0.3,62.42
12.393,23,0,0.9,31.95
8.741,3,0,1.0,28.29
25.611,2,0,0.3,68.96
8.12,9,1,0.7,35.78
19.223,15,0,0.7,55.07
23.968,4,0,0.7,57.01
22.917,1,0,0.7,61.05
35.191,8,1,1.0,108.92
21.276,15,0,0.3,56.11
13.787,9,1,1.0,56.95
13.86,23,0,1.0,39.3
1233.257,21,1,0.3,228.03
598.663,5,0,1.0,133.07
7.086,14,0,0.7,23.46
1980.592,2,0,0.3,339.88
9.652,10,1,0.3,40.36
1443.709,20,1,0.9,249.32
2088.183,9,1,0.3,305.36
25.729,14,0,0.3,68.29
11.556,22,0,0.7,36.04
27.57,10,1,1.0,91.8
443.433,4,0,0.3,134.73
1365.461,0,0,1.0,233.97
14.669,13,0,0.7,45.85
22.11,2,0,0.9,56.93
12.718,7,0,0.3,40.99
26.978,21,1,0.7,93.05
1363.921,11,1,1.0,244.92
17.317,23,0,1.0,39.66
6.345,22,0,1.0,28.53
14.945,0,0,0.7,46.05
10.535,17,1,0.7,48.92
954.673,8,1,0.7,212.87
29.83,20,1,0.3,110.05
4.928,20,1,1.0,28.6
232.893,0,0,0.3,110.26
1316.531,5,0,0.7,256.24
17.559,0,0,1.0,48.91
19.58,19,1,1.0,70.88
14.928,13,0,0.7,40.94
10.793,9,1,1.0,45.73
1541.086,11,1,1.0,249.62
1556.587,1,0,0.3,273.27
20.166,18,1,0.7,75.1
27.117,16,0,0.3,71.6
14.808,12,0,1.0,39.1
6.452,1,0,0.3,24.66
151.311,4,0,0.9,100.56
25.108,12,0,0.3,58.85
1539.045,12,0,1.0,234.96
25.733,23,0,1.0,67.06
23.143,12,0,1.0,58.56
24.625,0,0,1.0,53.08
23.463,14,0,0.9,53.46
1150.296,3,0,0.9,218.98
26.568,10,1,0.3,102.68
25.935,8,1,0.3,98.2
13.909,20,1,0.3,54.76
9.934,16,0,1.0,33.81
14.058,9,1,0.7,51.91
821.459,19,1,0.7,155.82
959.482,9,1,0.7,175.92
28.675,22,0,0.7,73.81
1313.684,9,1,1.0,262.51
13.953,8,1,0.3,55.51
1089.295,10,1,0.9,168.6
27.431,0,0,0.3,72.52
20.125,19,1,1.0,67.11
7.175,0,0,0.7,22.83
10.408,11,1,1.0,46.62
10.861,4,0,0.3,41.41
6.278,21,1,0.9,32.16
1455.331,3,0,0.7,256.59
13.593,0,0,0.3,37.74
20.739,12,0,0.9,49.76
11.446,1,0,0.3,46.12
445.054,12,0,0.9,108.86
1230.186,15,0,1.0,221.7
33.287,13,0,0.7,79.3
848.108,22,0,1.0,180.13
5.159,10,1,1.0,28.91
911.689,1,0,0.7,182.97
7.743,7,0,0.9,22.9
18.435,13,0,0.7,45.74
14.458,4,0,0.3,40.14
19.326,23,0,0.3,55.04
21.805,10,1,0.7,85.62
1933.166,21,1,0.9,286.53
22.916,21,1,1.0,92.51
23.03,9,1,1.0,77.91
15.266,2,0,0.7,39.81
1153.188,13,0,1.0,181.58
15.394,21,1,1.0,52.24
14.702,13,0,0.3,44.94
20.441,13,0,0.7,50.26
16.015,22,0,0.7,49.2
7.597,6,0,0.9,26.66
15.016,10,1,0.3,61.27
13.797,21,1,0.7,53.28
32.26,16,0,0.7,81.4
10.248,18,1,0.3,49.97
17.432,11,1,0.7,62.45
25.175,3,0,0.9,55.66
947.637,17,1,0.9,198.72
11.578,23,0,1.0,32.35
10.151,0,0,0.9,31.56
1223.976,13,0,0.7,197.97
1745.677,11,1,1.0,254.47
16.455,2,0,1.0,40.24
841.433,4,0,0.3,181.44
130.072,5,0,0.9,104.4
21.798,2,0,0.7,48.49
13.143,1,0,1.0,34.67
26.241,6,0,1.0,60.2
19.514,22,0,0.7,44.53
2298.272,6,0,0.3,428.77
12.309,9,1,0.9,43.58
7.15,21,1,0.9,36.74
439.174,2,0,1.0,114.28
9.52,5,0,1.0,29.05
22.702,10,1,0.7,78.72
16.154,4,0,0.9,41.35
16.713,7,0,0.3,48.66
24.308,15,0,1.0,51.47
1757.164,18,1,0.7,269.26
18.168,12,0,1.0,51.67
5.418,10,1,1.0,33.32
1087.609,11,1,0.7,209.76
22.688,22,0,1.0,57.73
27.857,1,0,0.7,63.13
11.935,16,0,1.0,37.6
6.164,7,0,0.9,22.84
11.036,15,0,1.0,33.26
4.913,14,0,0.3,25.69
23.275,7,0,0.7,65.89
16.338,15,0,0.7,47.67
15.802,0,0,0.9,39.14
17.448,23,0,1.0,47.32
523.794,2,0,1.0,125.65
25.212,14,0,1.0,53.95
9.625,2,0,1.0,28.39
2.099,23,0,1.0,16.91
29.077,4,0,1.0,58.05
6.948,20,1,0.7,30.47
11.367,5,0,0.7,29.58
14.559,2,0,1.0,43.21
31.313,6,0,0.9,73.76
24.462,23,0,1.0,54.92
20.348,17,1,0.7,78.16
8.002,22,0,0.3,27.07
29.428,16,0,1.0,69.95
1617.002,17,1,0.7,290.82
17.621,1,0,0.7,48.75
1886.347,14,0,0.9,265.98
441.571,6,0,0.9,114.81
10.873,16,0,1.0,30.45
10.254,6,0,0.7,32.39
10.172,23,0,0.9,31.51
26.23,0,0,0.3,65.94
23.829,10,1,0.7,84.54
23.71,23,0,0.3,70.87
17.953,1,0,1.0,46.04
1879.617,22,0,0.9,322.33
288.412,12,0,0.3,141.92
877.464,19,1,0.7,202.65
12.678,3,0,0.9,38.57
4.362,22,0,1.0,25.37
431.255,19,1,0.7,138.56
29.816,23,0,0.9,65.5
38.689,21,1,0.7,124.15
18.013,1,0,1.0,47.78
9.643,0,0,0.7,28.77
542.134,1,0,0.3,159.61
1349.63,23,0,0.3,243.63
7.336,21,1,0.9,40.41
12.55,0,0,0.9,34.81
4.142,16,0,1.0,18.5
9.225,21,1,0.7,40.2
18.283,1,0,0.9,46.39
590.152,13,0,0.3,179.3
17.026,0,0,0.7,47.94
20.024,4,0,1.0,43.74
884.154,16,0,0.9,152.89
18.172,11,1,0.9,64.77
2309.569,9,1,0.7,336.51
1570.524,5,0,1.0,250.34
18.821,20,1,1.0,64.12
15.775,1,0,0.7,38.91
24.981,15,0,0.7,62.01
28.019,1,0,0.7,62.27
24.347,4,0,0.7,65.35
28.137,21,1,1.0,89.95
24.129,19,1,0.3,95.14
581.376,11,1,1.0,160.29
1384.961,23,0,0.7,234.94
14.714,17,1,0.9,61.94
27.588,12,0,0.7,59.03
15.695,8,1,0.3,73.69
11.461,16,0,0.9,37.46
17.451,10,1,0.7,70.02
1999.648,18,1,1.0,302.3
539.453,14,0,0.9,162.54
1352.504,22,0,1.0,207.94
11.791,4,0,0.3,40.65
2.912,14,0,0.7,23.87
13.812,1,0,0.7,35.93
8.708,4,0,1.0,25.34
24.951,14,0,0.7,66.1
1254.644,2,0,0.3,220.3
31.31,11,1,0.7,94.6
19.419,20,1,1.0,70.77
21.471,9,1,0.3,93.76
10.264,16,0,1.0,34.11
13.079,13,0,0.3,47.32
9.51,9,1,0.7,45.11
24.685,8,1,0.7,75.19
7.568,19,1,0.7,37.49
242.231,12,0,0.7,128.62
451.47,13,0,0.7,159.07
453.944,23,0,0.7,116.83
918.902,4,0,0.7,170.2
8.413,6,0,0.9,31.8
556.398,4,0,0.3,159.13
24.026,17,1,0.7,87.84
2.593,22,0,0.3,14.9
21.132,22,0,0.7,56.19
11.875,5,0,0.7,38.08
28.516,12,0,1.0,69.76
2001.218,10,1,0.9,286.76
2073.92,7,0,1.0,330.25
1573.594,11,1,0.3,294.47
19.412,20,1,1.0,60.95
28.602,15,0,1.0,62.58
19.753,7,0,0.9,47.27
15.908,3,0,1.0,38.71
29.038,15,0,0.7,70.37
10.617,5,0,1.0,24.81
25.211,15,0,1.0,60.47
20.622,10,1,1.0,76.81
7.578,3,0,0.9,33.07
10.003,23,0,0.3,31.45
11.343,14,0,0.7,36.98
25.27,0,0,0.7,66.14
17.938,8,1,0.7,72.49
2002.849,19,1,0.9,304.54
549.613,3,0,1.0,141.61
26.145,4,0,0.7,54.13
21.041,9,1,1.0,75.93
16.013,21,1,1.0,56.73
27.116,2,0,0.3,66.28
3.633,10,1,1.0,18.43
23.283,4,0,0.7,52.6
4.809,19,1,0.3,28.2
13.047,2,0,0.9,38.45
27.823,4,0,0.7,66.03
16.325,13,0,0.9,42.06
24.965,3,0,0.3,66.62
13.066,10,1,0.3,61.35
596.488,0,0,1.0,179.79
9.16,0,0,1.0,32.85
16.307,10,1,0.3,80.67
1168.305,17,1,1.0,204.66
22.139,18,1,1.0,68.32
1594.471,20,1,0.9,233.83
18.409,3,0,1.0,51.72
19.569,20,1,1.0,64.31
27.607,9,1,1.0,92.27
16.724,2,0,0.7,49.31
23.502,20,1,0.7,78.63
18.491,20,1,1.0,65.04
355.527,22,0,1.0,110.0
6.628,2,0,0.3,24.1
30.824,7,0,0.7,75.06
25.434,1,0,0.3,63.97
32.681,22,0,0.9,80.4
24.446,5,0,1.0,49.92
871.622,17,1,0.9,202.52
12.899,0,0,1.0,40.36
17.603,7,0,1.0,49.35
24.32,22,0,1.0,45.64
4.951,2,0,1.0,16.97
16.776,16,0,0.3,48.55
16.153,17,1,0.3,67.22
28.759,21,1,0.9,90.21
4.131,21,1,1.0,29.88
1035.595,10,1,0.7,215.23
131.144,0,0,0.7,85.71
9.12,4,0,0.9,26.78
1.443,19,1,1.0,21.26
7.557,14,0,1.0,25.84
19.702,6,0,0.9,52.17
28.072,17,1,0.9,98.98
28.021,2,0,0.3,69.8
1757.507,22,0,0.7,293.15
1140.871,20,1,0.9,196.82
1620.484,13,0,0.7,267.77
8.85,6,0,0.3,35.04
11.644,13,0,1.0,32.63
8.099,10,1,0.7,30.99
17.986,11,1,1.0,60.09
15.088,11,1,0.7,62.63
21.845,9,1,1.0,72.82
22.152,0,0,0.3,57.57
12.16,13,0,1.0,36.37
15.962,13,0,0.3,47.42
1197.962,2,0,1.0,232.38
31.847,12,0,0.7,82.16
31.108,8,1,0.3,121.52
26.688,9,1,0.7,94.08
1459.347,9,1,1.0,260.07
1054.159,5,0,0.9,184.58
9.601,13,0,0.9,33.34
5.419,8,1,1.0,26.58
4.2,19,1,0.7,24.36
892.553,2,0,0.9,177.7
15.636,19,1,1.0,59.14
7.17,4,0,0.7,23.45
1554.195,0,0,0.3,286.1
12.641,15,0,0.7,38.74
24.959,14,0,1.0,61.53
6.957,5,0,0.7,27.73
22.605,0,0,1.0,42.96
11.176,19,1,0.7,52.83
18.825,20,1,1.0,80.1
15.069,9,1,0.9,58.2
29.345,22,0,1.0,60.9
20.393,15,0,0.7,48.45
8.741,7,0,1.0,32.29
20.078,21,1,0.7,67.63
1172.986,20,1,0.9,213.08
21.928,14,0,1.0,51.29
1170.501,11,1,0.7,191.74
1905.318,7,0,1.0,270.65
1360.075,1,0,0.7,252.99
26.616,12,0,0.9,57.0
24.325,10,1,0.7,82.72
7.028,16,0,0.7,29.66
7.558,21,1,0.3,39.73
28.035,12,0,1.0,66.27
30.611,23,0,0.7,74.47
23.028,3,0,1.0,53.93
1071.281,12,0,0.7,186.92
8.387,15,0,1.0,33.28
37.007,6,0,0.3,93.9
1574.137,14,0,1.0,233.62
12.002,11,1,0.7,48.19
7.462,16,0,1.0,24.19
222.964,14,0,0.7,129.57
1332.425,20,1,1.0,265.0
18.531,6,0,0.3,56.68
17.529,18,1,0.3,61.89
1165.696,2,0,0.7,234.12
1308.659,10,1,1.0,231.74
507.313,9,1,1.0,154.39
9.553,12,0,1.0,33.0
1090.421,2,0,0.7,257.51
10.544,19,1,1.0,42.24
20.946,11,1,1.0,65.17
1626.607,9,1,1.0,249.02
11.327,13,0,0.7,38.41
14.839,14,0,1.0,34.61
21.589,11,1,1.0,68.58
21.634,6,0,0.9,55.24
945.336,3,0,0.7,206.91
11.104,9,1,1.0,46.44
5.172,17,1,0.3,30.45
33.105,1,0,0.7,82.13
6.379,8,1,1.0,37.03
972.83,10,1,0.7,197.81
1759.209,19,1,1.0,294.45
933.865,23,0,1.0,166.8
1463.891,16,0,0.7,277.16
10.426,2,0,0.7,30.69
13.555,12,0,1.0,42.18
2.485,1,0,1.0,14.04
25.89,10,1,0.3,87.33
2.018,8,1,0.9,15.48
8.155,17,1,1.0,29.45
5.563,4,0,0.3,22.06
515.515,5,0,0.9,138.58
1254.792,2,0,0.9,224.06
1364.003,3,0,0.7,214.36
13.126,23,0,1.0,38.76
1546.535,23,0,1.0,269.02
942.703,6,0,1.0,179.31
9.834,22,0,0.7,35.94
12.795,3,0,0.3,41.72
241.137,20,1,1.0,110.38
23.438,23,0,0.3,58.39
25.6,13,0,0.7,63.76
1985.565,9,1,1.0,240.24
1495.815,1,0,1.0,219.09
9.194,17,1,1.0,34.74
32.454,14,0,0.7,73.76
8.422,21,1,1.0,40.93
8.054,12,0,1.0,32.14
9.133,11,1,1.0,38.58
1352.646,20,1,0.7,229.04
14.032,12,0,0.7,31.42
17.817,13,0,1.0,50.46
516.38,5,0,0.9,120.31
15.869,2,0,0.3,40.11
23.321,15,0,1.0,57.53
1461.537,19,1,1.0,223.29
20.686,15,0,0.9,50.89
26.758,5,0,1.0,59.74
1751.972,9,1,1.0,277.95
21.891,18,1,0.7,76.94
10.518,0,0,1.0,36.82
501.073,19,1,0.9,128.83
1366.213,8,1,1.0,246.43
26.078,18,1,1.0,78.48
10.597,22,0,1.0,27.93
26.216,20,1,0.9,83.49
24.857,2,0,0.7,55.47
26.258,14,0,0.9,58.16
10.442,18,1,0.7,43.55
13.85,10,1,0.7,52.93
16.12,12,0,1.0,47.71
19.089,12,0,0.3,58.32
14.775,0,0,1.0,36.57
28.195,11,1,0.7,94.65
276.521,0,0,0.9,116.95
9.245,17,1,0.3,43.38
1148.514,12,0,1.0,183.18
4.169,17,1,0.3,26.38
29.595,12,0,0.3,72.48
27.713,14,0,0.7,67.58
4.287,19,1,0.9,26.52
28.454,23,0,1.0,74.63
1186.585,17,1,1.0,221.86
12.116,15,0,1.0,38.13
10.159,16,0,0.3,37.06
6.036,11,1,0.7,30.46
1943.533,1,0,0.9,319.73
29.355,22,0,0.7,72.33
21.199,15,0,0.7,56.93
19.209,21,1,0.7,67.32
4.465,8,1,0.3,28.48
18.584,6,0,1.0,41.59
18.781,3,0,0.7,52.84
285.86,20,1,0.7,122.1
7.624,2,0,0.7,25.49
1239.926,5,0,0.9,230.83
1998.908,22,0,1.0,285.57
26.417,0,0,0.7,67.55
1583.769,17,1,0.7,288.13
1568.118,19,1,0.7,250.97
19.008,4,0,0.7,49.3
1563.167,12,0,1.0,264.81
12.862,21,1,0.7,58.32
1611.293,4,0,0.7,266.82
1.844,6,0,0.3,18.84
17.746,22,0,0.3,45.72
860.598,21,1,1.0,178.81
1885.0,16,0,0.3,332.51
15.364,5,0,1.0,36.1
32.053,2,0,1.0,68.29
14.466,15,0,1.0,32.93
13.693,7,0,1.0,38.59
17.683,8,1,0.7,64.99
12.644,10,1,0.7,47.86
16.069,22,0,0.3,45.25
1564.91,10,1,0.9,242.49
1242.156,17,1,0.7,195.87
28.687,13,0,0.3,69.54
1766.371,15,0,0.9,308.83
937.45,0,0,1.0,214.94
17.692,19,1,1.0,66.95
15.977,20,1,0.7,66.54
10.374,7,0,0.7,28.76
13.982,10,1,1.0,54.04
24.001,12,0,0.3,64.63
19.188,14,0,1.0,52.4
31.8,19,1,0.7,110.39
24.155,17,1,0.3,98.09
25.57,9,1,0.7,96.92
23.873,9,1,0.9,74.75
12.433,19,1,1.0,54.04
4.193,11,1,0.7,24.62
1358.701,18,1,0.3,253.9
733.745,8,1,1.0,155.86
18.287,20,1,1.0,68.73
948.655,4,0,0.7,213.4
435.181,2,0,0.7,104.53
1486.929,22,0,0.3,235.55
22.501,10,1,1.0,73.87
1562.402,12,0,1.0,231.45
935.432,7,0,1.0,179.6
626.206,8,1,0.7,139.17
10.263,15,0,0.3,37.45
26.085,8,1,0.7,87.02
26.23,19,1,0.9,91.2
1987.763,22,0,0.7,306.64
25.159,21,1,0.7,80.28
25.122,16,0,0.7,67.59
27.043,3,0,0.7,59.35
1918.997,12,0,0.9,317.25
8.425,15,0,0.7,24.7
917.624,1,0,0.7,170.2
871.841,7,0,0.7,185.37
20.569,20,1,0.7,65.61
24.782,20,1,1.0,73.0
1098.622,14,0,0.9,215.34
17.797,11,1,1.0,58.22
926.907,23,0,1.0,182.27
1945.647,16,0,1.0,306.29
8.732,23,0,1.0,29.22
13.08,8,1,0.7,50.58
17.962,3,0,0.7,45.79
28.601,14,0,1.0,65.46
13.836,16,0,1.0,33.94
6.107,10,1,0.7,27.54
1592.692,6,0,0.9,220.34
6.67,19,1,0.7,37.17
1193.785,13,0,1.0,227.58
1888.308,18,1,0.7,302.45
30.461,22,0,0.9,73.02
1519.025,21,1,0.3,275.12
21.954,11,1,0.7,84.87
10.539,4,0,1.0,28.99
21.499,15,0,0.3,51.41
1915.961,2,0,0.7,269.16
21.626,15,0,0.3,66.68
23.684,22,0,0.3,66.39
8.212,0,0,0.3,27.4
24.95,13,0,0.9,64.05
9.211,16,0,1.0,27.03
20.282,21,1,0.3,82.91
3.09,10,1,0.3,22.12
10.552,14,0,1.0,33.18
15.103,9,1,0.3,69.45
1989.983,15,0,0.9,267.74
24.038,18,1,0.9,89.12
14.84,17,1,1.0,56.78
2.376,7,0,1.0,18.11
25.248,8,1,0.9,87.81
15.088,16,0,0.9,42.16
20.935,10,1,0.7,71.81
1.779,12,0,0.7,18.25
14.407,9,1,0.7,51.55
18.334,4,0,0.9,48.38
1595.625,20,1,0.3,308.19
30.171,12,0,0.3,83.99
872.328,8,1,0.3,198.3
1503.91,15,0,1.0,216.53
16.137,2,0,1.0,39.97
1240.413,6,0,0.7,213.73
625.611,6,0,1.0,159.67
36.518,15,0,0.9,78.97
1909.497,8,1,0.7,298.43
18.146,19,1,1.0,63.61
21.819,23,0,1.0,48.65
25.403,8,1,1.0,75.02
8.109,6,0,0.9,22.88
14.84,15,0,0.9,44.83
18.327,4,0,0.9,53.08
15.578,21,1,0.7,60.39
1321.572,23,0,0.3,268.84
2310.711,1,0,1.0,341.78
1204.083,2,0,0.3,268.48
11.315,4,0,1.0,33.49
12.445,23,0,1.0,37.51
6.25,22,0,0.3,25.92
14.603,5,0,1.0,41.95
8.812,15,0,1.0,33.24
3.568,4,0,0.7,14.92
1299.557,6,0,1.0,211.88
1205.348,19,1,0.3,234.13
18.121,11,1,0.9,68.57
516.093,12,0,0.3,157.59
1511.19,21,1,0.9,253.37
15.675,15,0,0.7,46.53
22.302,1,0,0.9,53.47
494.661,17,1,0.9,146.05
22.881,13,0,0.9,49.77
5.796,0,0,0.7,24.39
3.553,22,0,0.7,24.63
1.963,2,0,0.7,15.45
19.61,16,0,0.9,44.52
1553.126,11,1,0.7,288.33
439.683,10,1,0.7,123.6
10.832,3,0,0.7,39.99
21.424,19,1,1.0,75.52
26.217,2,0,0.7,60.43
10.309,20,1,0.7,44.05
22.629,4,0,0.7,58.62
25.6,13,0,1.0,60.41
6.982,3,0,0.7,28.27
14.422,15,0,0.7,41.33
8.322,14,0,1.0,30.86
11.558,5,0,1.0,35.58
32.943,11,1,0.7,107.13
3.809,3,0,0.9,14.86
784.168,16,0,1.0,146.54
514.765,8,1,1.0,148.73
14.326,2,0,0.3,48.19
15.196,20,1,1.0,63.36
22.688,22,0,0.9,54.51
14.81,15,0,0.3,46.31
18.311,15,0,1.0,53.18
4.004,8,1,1.0,22.6
13.412,7,0,1.0,33.81
1498.642,3,0,0.9,253.21
11.999,1,0,0.7,38.15
14.972,5,0,0.3,47.3
4.464,10,1,1.0,26.24
18.307,18,1,0.3,67.63
19.525,11,1,0.7,81.67
19.882,12,0,1.0,50.04
15.36,12,0,0.9,36.28
17.327,20,1,1.0,69.97
2085.606,8,1,1.0,276.52
13.616,2,0,1.0,32.44
22.947,17,1,1.0,72.73
27.638,7,0,0.7,66.65
12.511,3,0,1.0,40.83
871.409,13,0,1.0,164.63
16.032,1,0,0.7,47.69
7.329,17,1,0.9,35.2
1373.863,18,1,0.9,221.8
7.482,18,1,0.7,31.14
17.638,12,0,1.0,44.99
25.011,20,1,0.7,97.73
24.154,21,1,0.9,83.06
1389.654,9,1,1.0,213.81
22.412,12,0,0.3,51.79
10.673,12,0,1.0,24.51
28.271,6,0,1.0,70.78
12.041,11,1,1.0,47.91
21.885,0,0,0.7,51.7
13.812,18,1,1.0,50.17
19.364,8,1,0.9,74.1
16.405,18,1,0.7,66.29
951.603,1,0,0.7,200.06
1936.426,5,0,1.0,245.43
29.546,5,0,0.3,79.44
18.638,3,0,0.7,49.13
905.522,20,1,0.3,223.23
12.547,15,0,0.3,35.65
440.289,16,0,1.0,147.83
7.308,9,1,0.3,37.92
22.793,3,0,0.9,56.98
286.924,17,1,0.7,126.1
10.148,17,1,0.3,52.18
502.364,2,0,0.9,131.23
17.438,4,0,1.0,48.4
520.12,17,1,0.3,137.59
1593.801,0,0,0.7,273.42
20.873,7,0,1.0,64.07
24.379,6,0,0.9,57.18
1614.527,9,1,0.7,244.2
1242.356,17,1,0.3,219.94
842.674,19,1,0.3,203.97
1561.571,21,1,0.9,243.26
1180.922,17,1,1.0,205.95
19.34,15,0,1.0,41.77
17.36,22,0,0.7,49.21
19.774,17,1,0.7,76.61
23.081,5,0,0.7,60.49
502.055,21,1,1.0,144.94
14.965,3,0,0.3,40.71
739.235,13,0,1.0,172.77
24.69,17,1,1.0,87.73
1581.768,10,1,0.3,274.86
1470.16,10,1,1.0,232.05
512.062,15,0,0.7,159.77
1488.517,2,0,1.0,216.6
771.616,17,1,0.9,175.52
1006.284,16,0,1.0,205.86
28.309,18,1,0.3,101.07
19.614,8,1,0.3,87.2
18.088,8,1,1.0,71.17
1603.521,15,0,1.0,274.13
12.736,13,0,0.9,38.49
1743.722,10,1,1.0,298.89
18.22,20,1,1.0,60.36
8.179,18,1,0.3,47.58
235.351,17,1,0.7,104.89
22.328,1,0,0.7,48.02
10.334,7,0,0.7,29.46
8.754,4,0,1.0,31.65
11.436,5,0,0.3,42.54
19.191,19,1,1.0,67.69
13.567,9,1,0.3,56.44
